question,reponse,terme_original,type,categorie,type_question,necessite_avertissement
C'est quoi Hémoglobine ?,"Hémoglobine (Hb) est une analyse de laboratoire en Hématologie. Mesure du/de hémoglobine dans le sang, utilisée pour diagnostiquer et surveiller diverses affections. Les valeurs normales se situent entre 12.0 et 16.0 g/dL.",Hémoglobine,analyse_labo,Hématologie,definition,False
Qu'est-ce que Hémoglobine ?,"Hémoglobine (Hb) est une analyse de laboratoire en Hématologie. Mesure du/de hémoglobine dans le sang, utilisée pour diagnostiquer et surveiller diverses affections. Les valeurs normales se situent entre 12.0 et 16.0 g/dL.",Hémoglobine,analyse_labo,Hématologie,definition,False
Qu'entend-on par Hémoglobine ?,"Hémoglobine (Hb) est une analyse de laboratoire en Hématologie. Mesure du/de hémoglobine dans le sang, utilisée pour diagnostiquer et surveiller diverses affections. Les valeurs normales se situent entre 12.0 et 16.0 g/dL.",Hémoglobine,analyse_labo,Hématologie,definition,False
Explique Hb,Hb signifie Hémoglobine. C'est un terme utilisé en Hématologie.,Hémoglobine,analyse_labo,Hématologie,abbreviation,False
Quelle est la signification de Hb ?,Hb signifie Hémoglobine. C'est un terme utilisé en Hématologie.,Hémoglobine,analyse_labo,Hématologie,abbreviation,False
Quels sont les taux normaux de Hémoglobine ?,"Les valeurs normales de Hémoglobine se situent entre 12.0 et 16.0 g/dL.

⚠️ Important : L'interprétation de résultats d'analyses doit être faite par votre médecin en tenant compte de votre contexte médical complet.",Hémoglobine,analyse_labo,Hématologie,valeurs_normales,True
Valeurs de référence de Hémoglobine ?,"Les valeurs normales de Hémoglobine se situent entre 12.0 et 16.0 g/dL.

⚠️ Important : L'interprétation de résultats d'analyses doit être faite par votre médecin en tenant compte de votre contexte médical complet.",Hémoglobine,analyse_labo,Hématologie,valeurs_normales,True
À quel niveau Hémoglobine devient préoccupant ?,"Pour Hémoglobine, les valeurs critiques sont : en dessous de 7.0 g/dL (seuil bas critique) et au-dessus de 20.0 g/dL (seuil haut critique). Ces valeurs nécessitent une attention médicale urgente.

⚠️ Important : L'interprétation de résultats d'analyses doit être faite par votre médecin en tenant compte de votre contexte médical complet.",Hémoglobine,analyse_labo,Hématologie,valeurs_critiques,True
"J'ai Hémoglobine à 14.71 g/dL, c'est normal ?","Une valeur de 14.71 g/dL pour Hémoglobine se situe dans la plage normale (12.0-16.0 g/dL). Cependant, seul votre médecin peut interpréter ce résultat dans votre contexte clinique complet.

⚠️ Important : L'interprétation de résultats d'analyses doit être faite par votre médecin en tenant compte de votre contexte médical complet.",Hémoglobine,analyse_labo,Hématologie,interpretation,True
"Numération des globules blancs, qu'est-ce que c'est exactement ?",Numération des globules blancs (GB) est une analyse de laboratoire en Hématologie. Analyse de laboratoire clinique mesurant les taux de numération des globules blancs pour évaluer l'état de santé. Les valeurs normales se situent entre 4.0 et 11.0 10^9/L.,Numération des globules blancs,analyse_labo,Hématologie,definition,False
Peux-tu m'expliquer ce qu'est Numération des globules blancs ?,Numération des globules blancs (GB) est une analyse de laboratoire en Hématologie. Analyse de laboratoire clinique mesurant les taux de numération des globules blancs pour évaluer l'état de santé. Les valeurs normales se situent entre 4.0 et 11.0 10^9/L.,Numération des globules blancs,analyse_labo,Hématologie,definition,False
Qu'est-ce que Numération des globules blancs ?,Numération des globules blancs (GB) est une analyse de laboratoire en Hématologie. Analyse de laboratoire clinique mesurant les taux de numération des globules blancs pour évaluer l'état de santé. Les valeurs normales se situent entre 4.0 et 11.0 10^9/L.,Numération des globules blancs,analyse_labo,Hématologie,definition,False
C'est quoi GB ?,GB signifie Numération des globules blancs. C'est un terme utilisé en Hématologie.,Numération des globules blancs,analyse_labo,Hématologie,abbreviation,False
Quelle est la signification de GB ?,GB signifie Numération des globules blancs. C'est un terme utilisé en Hématologie.,Numération des globules blancs,analyse_labo,Hématologie,abbreviation,False
Quels sont les taux normaux de Numération des globules blancs ?,"Les valeurs normales de Numération des globules blancs se situent entre 4.0 et 11.0 10^9/L.

⚠️ Important : L'interprétation de résultats d'analyses doit être faite par votre médecin en tenant compte de votre contexte médical complet.",Numération des globules blancs,analyse_labo,Hématologie,valeurs_normales,True
Valeurs standards de Numération des globules blancs ?,"Les valeurs normales de Numération des globules blancs se situent entre 4.0 et 11.0 10^9/L.

⚠️ Important : L'interprétation de résultats d'analyses doit être faite par votre médecin en tenant compte de votre contexte médical complet.",Numération des globules blancs,analyse_labo,Hématologie,valeurs_normales,True
Quand s'inquiéter pour Numération des globules blancs ?,"Pour Numération des globules blancs, les valeurs critiques sont : en dessous de 2.0 10^9/L (seuil bas critique) et au-dessus de 30.0 10^9/L (seuil haut critique). Ces valeurs nécessitent une attention médicale urgente.

⚠️ Important : L'interprétation de résultats d'analyses doit être faite par votre médecin en tenant compte de votre contexte médical complet.",Numération des globules blancs,analyse_labo,Hématologie,valeurs_critiques,True
"Numération des globules blancs à 7.93 10^9/L, est-ce inquiétant ?","Une valeur de 7.93 10^9/L pour Numération des globules blancs se situe dans la plage normale (4.0-11.0 10^9/L). Cependant, seul votre médecin peut interpréter ce résultat dans votre contexte clinique complet.

⚠️ Important : L'interprétation de résultats d'analyses doit être faite par votre médecin en tenant compte de votre contexte médical complet.",Numération des globules blancs,analyse_labo,Hématologie,interpretation,True
Que signifie Numération plaquettaire ?,Numération plaquettaire (PLT) est une analyse de laboratoire en Hématologie. Analyse quantitative du/de numération plaquettaire fournissant des informations sur les processus physiologiques. Les valeurs normales se situent entre 150.0 et 450.0 10^9/L.,Numération plaquettaire,analyse_labo,Hématologie,definition,False
"Je ne connais pas Numération plaquettaire, peux-tu m'aider ?",Numération plaquettaire (PLT) est une analyse de laboratoire en Hématologie. Analyse quantitative du/de numération plaquettaire fournissant des informations sur les processus physiologiques. Les valeurs normales se situent entre 150.0 et 450.0 10^9/L.,Numération plaquettaire,analyse_labo,Hématologie,definition,False
J'aimerais savoir ce qu'est Numération plaquettaire,Numération plaquettaire (PLT) est une analyse de laboratoire en Hématologie. Analyse quantitative du/de numération plaquettaire fournissant des informations sur les processus physiologiques. Les valeurs normales se situent entre 150.0 et 450.0 10^9/L.,Numération plaquettaire,analyse_labo,Hématologie,definition,False
Explique PLT,PLT signifie Numération plaquettaire. C'est un terme utilisé en Hématologie.,Numération plaquettaire,analyse_labo,Hématologie,abbreviation,False
Que signifie l'abréviation PLT ?,PLT signifie Numération plaquettaire. C'est un terme utilisé en Hématologie.,Numération plaquettaire,analyse_labo,Hématologie,abbreviation,False
Valeurs de référence de Numération plaquettaire ?,"Les valeurs normales de Numération plaquettaire se situent entre 150.0 et 450.0 10^9/L.

⚠️ Important : L'interprétation de résultats d'analyses doit être faite par votre médecin en tenant compte de votre contexte médical complet.",Numération plaquettaire,analyse_labo,Hématologie,valeurs_normales,True
Donne-moi les valeurs normales de Numération plaquettaire,"Les valeurs normales de Numération plaquettaire se situent entre 150.0 et 450.0 10^9/L.

⚠️ Important : L'interprétation de résultats d'analyses doit être faite par votre médecin en tenant compte de votre contexte médical complet.",Numération plaquettaire,analyse_labo,Hématologie,valeurs_normales,True
Valeurs alarmantes de Numération plaquettaire ?,"Pour Numération plaquettaire, les valeurs critiques sont : en dessous de 50.0 10^9/L (seuil bas critique) et au-dessus de 1000.0 10^9/L (seuil haut critique). Ces valeurs nécessitent une attention médicale urgente.

⚠️ Important : L'interprétation de résultats d'analyses doit être faite par votre médecin en tenant compte de votre contexte médical complet.",Numération plaquettaire,analyse_labo,Hématologie,valeurs_critiques,True
Est-ce que 196.64 10^9/L pour Numération plaquettaire est bon ?,"Une valeur de 196.64 10^9/L pour Numération plaquettaire se situe dans la plage normale (150.0-450.0 10^9/L). Cependant, seul votre médecin peut interpréter ce résultat dans votre contexte clinique complet.

⚠️ Important : L'interprétation de résultats d'analyses doit être faite par votre médecin en tenant compte de votre contexte médical complet.",Numération plaquettaire,analyse_labo,Hématologie,interpretation,True
"Numération plaquettaire à 180.66 10^9/L, est-ce inquiétant ?","Une valeur de 180.66 10^9/L pour Numération plaquettaire se situe dans la plage normale (150.0-450.0 10^9/L). Cependant, seul votre médecin peut interpréter ce résultat dans votre contexte clinique complet.

⚠️ Important : L'interprétation de résultats d'analyses doit être faite par votre médecin en tenant compte de votre contexte médical complet.",Numération plaquettaire,analyse_labo,Hématologie,interpretation,True
C'est quoi Cholestérol total ?,"Cholestérol total (CT) est une analyse de laboratoire en Biochimie. Mesure du/de cholestérol total dans le sang, utilisée pour diagnostiquer et surveiller diverses affections. Les valeurs normales se situent entre 3.6 et 5.2 mmol/L.",Cholestérol total,analyse_labo,Biochimie,definition,False
Qu'entend-on par Cholestérol total ?,"Cholestérol total (CT) est une analyse de laboratoire en Biochimie. Mesure du/de cholestérol total dans le sang, utilisée pour diagnostiquer et surveiller diverses affections. Les valeurs normales se situent entre 3.6 et 5.2 mmol/L.",Cholestérol total,analyse_labo,Biochimie,definition,False
"Cholestérol total, qu'est-ce que c'est exactement ?","Cholestérol total (CT) est une analyse de laboratoire en Biochimie. Mesure du/de cholestérol total dans le sang, utilisée pour diagnostiquer et surveiller diverses affections. Les valeurs normales se situent entre 3.6 et 5.2 mmol/L.",Cholestérol total,analyse_labo,Biochimie,definition,False
CT veut dire quoi ?,CT signifie Cholestérol total. C'est un terme utilisé en Biochimie.,Cholestérol total,analyse_labo,Biochimie,abbreviation,False
"J'ai vu CT sur mes analyses, c'est quoi ?",CT signifie Cholestérol total. C'est un terme utilisé en Biochimie.,Cholestérol total,analyse_labo,Biochimie,abbreviation,False
C'est quoi les normes pour Cholestérol total ?,"Les valeurs normales de Cholestérol total se situent entre 3.6 et 5.2 mmol/L.

⚠️ Important : L'interprétation de résultats d'analyses doit être faite par votre médecin en tenant compte de votre contexte médical complet.",Cholestérol total,analyse_labo,Biochimie,valeurs_normales,True
Quelles sont les valeurs normales de Cholestérol total ?,"Les valeurs normales de Cholestérol total se situent entre 3.6 et 5.2 mmol/L.

⚠️ Important : L'interprétation de résultats d'analyses doit être faite par votre médecin en tenant compte de votre contexte médical complet.",Cholestérol total,analyse_labo,Biochimie,valeurs_normales,True
À quel niveau Cholestérol total devient préoccupant ?,"Pour Cholestérol total, les valeurs critiques sont : au-dessus de 6.2 mmol/L (seuil haut critique). Ces valeurs nécessitent une attention médicale urgente.

⚠️ Important : L'interprétation de résultats d'analyses doit être faite par votre médecin en tenant compte de votre contexte médical complet.",Cholestérol total,analyse_labo,Biochimie,valeurs_critiques,True
"Cholestérol total à 4.46 mmol/L, est-ce inquiétant ?","Une valeur de 4.46 mmol/L pour Cholestérol total se situe dans la plage normale (3.6-5.2 mmol/L). Cependant, seul votre médecin peut interpréter ce résultat dans votre contexte clinique complet.

⚠️ Important : L'interprétation de résultats d'analyses doit être faite par votre médecin en tenant compte de votre contexte médical complet.",Cholestérol total,analyse_labo,Biochimie,interpretation,True
Est-ce que 3.73 mmol/L pour Cholestérol total est bon ?,"Une valeur de 3.73 mmol/L pour Cholestérol total se situe dans la plage normale (3.6-5.2 mmol/L). Cependant, seul votre médecin peut interpréter ce résultat dans votre contexte clinique complet.

⚠️ Important : L'interprétation de résultats d'analyses doit être faite par votre médecin en tenant compte de votre contexte médical complet.",Cholestérol total,analyse_labo,Biochimie,interpretation,True
Qu'entend-on par Lipoprotéines de basse densité ?,Lipoprotéines de basse densité (LDL) est une analyse de laboratoire en Biochimie. Analyse quantitative du/de lipoprotéines de basse densité fournissant des informations sur les processus physiologiques. Les valeurs normales se situent entre 1.8 et 3.0 mmol/L.,Lipoprotéines de basse densité,analyse_labo,Biochimie,definition,False
Donne-moi la définition de Lipoprotéines de basse densité,Lipoprotéines de basse densité (LDL) est une analyse de laboratoire en Biochimie. Analyse quantitative du/de lipoprotéines de basse densité fournissant des informations sur les processus physiologiques. Les valeurs normales se situent entre 1.8 et 3.0 mmol/L.,Lipoprotéines de basse densité,analyse_labo,Biochimie,definition,False
"Dans le contexte médical, que signifie Lipoprotéines de basse densité ?",Lipoprotéines de basse densité (LDL) est une analyse de laboratoire en Biochimie. Analyse quantitative du/de lipoprotéines de basse densité fournissant des informations sur les processus physiologiques. Les valeurs normales se situent entre 1.8 et 3.0 mmol/L.,Lipoprotéines de basse densité,analyse_labo,Biochimie,definition,False
C'est quoi LDL ?,LDL signifie Lipoprotéines de basse densité. C'est un terme utilisé en Biochimie.,Lipoprotéines de basse densité,analyse_labo,Biochimie,abbreviation,False
Que signifie l'abréviation LDL ?,LDL signifie Lipoprotéines de basse densité. C'est un terme utilisé en Biochimie.,Lipoprotéines de basse densité,analyse_labo,Biochimie,abbreviation,False
Entre quelles valeurs Lipoprotéines de basse densité doit se situer ?,"Les valeurs normales de Lipoprotéines de basse densité se situent entre 1.8 et 3.0 mmol/L.

⚠️ Important : L'interprétation de résultats d'analyses doit être faite par votre médecin en tenant compte de votre contexte médical complet.",Lipoprotéines de basse densité,analyse_labo,Biochimie,valeurs_normales,True
Quels sont les taux normaux de Lipoprotéines de basse densité ?,"Les valeurs normales de Lipoprotéines de basse densité se situent entre 1.8 et 3.0 mmol/L.

⚠️ Important : L'interprétation de résultats d'analyses doit être faite par votre médecin en tenant compte de votre contexte médical complet.",Lipoprotéines de basse densité,analyse_labo,Biochimie,valeurs_normales,True
Limites dangereuses de Lipoprotéines de basse densité ?,"Pour Lipoprotéines de basse densité, les valeurs critiques sont : au-dessus de 4.9 mmol/L (seuil haut critique). Ces valeurs nécessitent une attention médicale urgente.

⚠️ Important : L'interprétation de résultats d'analyses doit être faite par votre médecin en tenant compte de votre contexte médical complet.",Lipoprotéines de basse densité,analyse_labo,Biochimie,valeurs_critiques,True
"Mon analyse montre Lipoprotéines de basse densité = 2.98 mmol/L, qu'en penses-tu ?","Une valeur de 2.98 mmol/L pour Lipoprotéines de basse densité se situe dans la plage normale (1.8-3.0 mmol/L). Cependant, seul votre médecin peut interpréter ce résultat dans votre contexte clinique complet.

⚠️ Important : L'interprétation de résultats d'analyses doit être faite par votre médecin en tenant compte de votre contexte médical complet.",Lipoprotéines de basse densité,analyse_labo,Biochimie,interpretation,True
"Lipoprotéines de basse densité à 2.84 mmol/L, est-ce inquiétant ?","Une valeur de 2.84 mmol/L pour Lipoprotéines de basse densité se situe dans la plage normale (1.8-3.0 mmol/L). Cependant, seul votre médecin peut interpréter ce résultat dans votre contexte clinique complet.

⚠️ Important : L'interprétation de résultats d'analyses doit être faite par votre médecin en tenant compte de votre contexte médical complet.",Lipoprotéines de basse densité,analyse_labo,Biochimie,interpretation,True
Peux-tu me dire ce qu'est Lipoprotéines de haute densité ?,Lipoprotéines de haute densité (HDL) est une analyse de laboratoire en Biochimie. Analyse de laboratoire clinique mesurant les taux de lipoprotéines de haute densité pour évaluer l'état de santé. Les valeurs normales se situent entre 1.0 et 2.0 mmol/L.,Lipoprotéines de haute densité,analyse_labo,Biochimie,definition,False
"Je ne connais pas Lipoprotéines de haute densité, peux-tu m'aider ?",Lipoprotéines de haute densité (HDL) est une analyse de laboratoire en Biochimie. Analyse de laboratoire clinique mesurant les taux de lipoprotéines de haute densité pour évaluer l'état de santé. Les valeurs normales se situent entre 1.0 et 2.0 mmol/L.,Lipoprotéines de haute densité,analyse_labo,Biochimie,definition,False
Aide-moi à comprendre Lipoprotéines de haute densité,Lipoprotéines de haute densité (HDL) est une analyse de laboratoire en Biochimie. Analyse de laboratoire clinique mesurant les taux de lipoprotéines de haute densité pour évaluer l'état de santé. Les valeurs normales se situent entre 1.0 et 2.0 mmol/L.,Lipoprotéines de haute densité,analyse_labo,Biochimie,definition,False
HDL veut dire quoi ?,HDL signifie Lipoprotéines de haute densité. C'est un terme utilisé en Biochimie.,Lipoprotéines de haute densité,analyse_labo,Biochimie,abbreviation,False
HDL signifie quoi ?,HDL signifie Lipoprotéines de haute densité. C'est un terme utilisé en Biochimie.,Lipoprotéines de haute densité,analyse_labo,Biochimie,abbreviation,False
Quelle est la norme de Lipoprotéines de haute densité ?,"Les valeurs normales de Lipoprotéines de haute densité se situent entre 1.0 et 2.0 mmol/L.

⚠️ Important : L'interprétation de résultats d'analyses doit être faite par votre médecin en tenant compte de votre contexte médical complet.",Lipoprotéines de haute densité,analyse_labo,Biochimie,valeurs_normales,True
Mon Lipoprotéines de haute densité est à combien normalement ?,"Les valeurs normales de Lipoprotéines de haute densité se situent entre 1.0 et 2.0 mmol/L.

⚠️ Important : L'interprétation de résultats d'analyses doit être faite par votre médecin en tenant compte de votre contexte médical complet.",Lipoprotéines de haute densité,analyse_labo,Biochimie,valeurs_normales,True
À partir de quand Lipoprotéines de haute densité devient dangereux ?,"Pour Lipoprotéines de haute densité, les valeurs critiques sont : en dessous de 0.4 mmol/L (seuil bas critique). Ces valeurs nécessitent une attention médicale urgente.

⚠️ Important : L'interprétation de résultats d'analyses doit être faite par votre médecin en tenant compte de votre contexte médical complet.",Lipoprotéines de haute densité,analyse_labo,Biochimie,valeurs_critiques,True
"J'ai Lipoprotéines de haute densité à 1.7 mmol/L, c'est normal ?","Une valeur de 1.7 mmol/L pour Lipoprotéines de haute densité se situe dans la plage normale (1.0-2.0 mmol/L). Cependant, seul votre médecin peut interpréter ce résultat dans votre contexte clinique complet.

⚠️ Important : L'interprétation de résultats d'analyses doit être faite par votre médecin en tenant compte de votre contexte médical complet.",Lipoprotéines de haute densité,analyse_labo,Biochimie,interpretation,True
"Mon analyse montre Lipoprotéines de haute densité = 1.61 mmol/L, qu'en penses-tu ?","Une valeur de 1.61 mmol/L pour Lipoprotéines de haute densité se situe dans la plage normale (1.0-2.0 mmol/L). Cependant, seul votre médecin peut interpréter ce résultat dans votre contexte clinique complet.

⚠️ Important : L'interprétation de résultats d'analyses doit être faite par votre médecin en tenant compte de votre contexte médical complet.",Lipoprotéines de haute densité,analyse_labo,Biochimie,interpretation,True
Que signifie Triglycérides ?,"Triglycérides (TG) est une analyse de laboratoire en Biochimie. Mesure du/de triglycérides dans le sang, utilisée pour diagnostiquer et surveiller diverses affections. Les valeurs normales se situent entre 0.5 et 1.7 mmol/L.",Triglycérides,analyse_labo,Biochimie,definition,False
Je voudrais comprendre ce qu'est Triglycérides,"Triglycérides (TG) est une analyse de laboratoire en Biochimie. Mesure du/de triglycérides dans le sang, utilisée pour diagnostiquer et surveiller diverses affections. Les valeurs normales se situent entre 0.5 et 1.7 mmol/L.",Triglycérides,analyse_labo,Biochimie,definition,False
"Dans le contexte médical, que signifie Triglycérides ?","Triglycérides (TG) est une analyse de laboratoire en Biochimie. Mesure du/de triglycérides dans le sang, utilisée pour diagnostiquer et surveiller diverses affections. Les valeurs normales se situent entre 0.5 et 1.7 mmol/L.",Triglycérides,analyse_labo,Biochimie,definition,False
Que veut dire TG en médecine ?,TG signifie Triglycérides. C'est un terme utilisé en Biochimie.,Triglycérides,analyse_labo,Biochimie,abbreviation,False
Explique TG,TG signifie Triglycérides. C'est un terme utilisé en Biochimie.,Triglycérides,analyse_labo,Biochimie,abbreviation,False
Entre quelles valeurs Triglycérides doit se situer ?,"Les valeurs normales de Triglycérides se situent entre 0.5 et 1.7 mmol/L.

⚠️ Important : L'interprétation de résultats d'analyses doit être faite par votre médecin en tenant compte de votre contexte médical complet.",Triglycérides,analyse_labo,Biochimie,valeurs_normales,True
Valeurs standards de Triglycérides ?,"Les valeurs normales de Triglycérides se situent entre 0.5 et 1.7 mmol/L.

⚠️ Important : L'interprétation de résultats d'analyses doit être faite par votre médecin en tenant compte de votre contexte médical complet.",Triglycérides,analyse_labo,Biochimie,valeurs_normales,True
À partir de quand Triglycérides devient dangereux ?,"Pour Triglycérides, les valeurs critiques sont : au-dessus de 5.6 mmol/L (seuil haut critique). Ces valeurs nécessitent une attention médicale urgente.

⚠️ Important : L'interprétation de résultats d'analyses doit être faite par votre médecin en tenant compte de votre contexte médical complet.",Triglycérides,analyse_labo,Biochimie,valeurs_critiques,True
"J'ai Triglycérides à 1.51 mmol/L, c'est normal ?","Une valeur de 1.51 mmol/L pour Triglycérides se situe dans la plage normale (0.5-1.7 mmol/L). Cependant, seul votre médecin peut interpréter ce résultat dans votre contexte clinique complet.

⚠️ Important : L'interprétation de résultats d'analyses doit être faite par votre médecin en tenant compte de votre contexte médical complet.",Triglycérides,analyse_labo,Biochimie,interpretation,True
"J'ai Triglycérides à 0.77 mmol/L, c'est normal ?","Une valeur de 0.77 mmol/L pour Triglycérides se situe dans la plage normale (0.5-1.7 mmol/L). Cependant, seul votre médecin peut interpréter ce résultat dans votre contexte clinique complet.

⚠️ Important : L'interprétation de résultats d'analyses doit être faite par votre médecin en tenant compte de votre contexte médical complet.",Triglycérides,analyse_labo,Biochimie,interpretation,True
Aide-moi à comprendre Glycémie à jeun,Glycémie à jeun (GAJ) est une analyse de laboratoire en Biochimie. Test sanguin standard permettant de détecter des anomalies dans les paramètres de biochimie. Les valeurs normales se situent entre 3.9 et 5.6 mmol/L.,Glycémie à jeun,analyse_labo,Biochimie,definition,False
Pourrais-tu expliquer Glycémie à jeun ?,Glycémie à jeun (GAJ) est une analyse de laboratoire en Biochimie. Test sanguin standard permettant de détecter des anomalies dans les paramètres de biochimie. Les valeurs normales se situent entre 3.9 et 5.6 mmol/L.,Glycémie à jeun,analyse_labo,Biochimie,definition,False
Explique-moi Glycémie à jeun,Glycémie à jeun (GAJ) est une analyse de laboratoire en Biochimie. Test sanguin standard permettant de détecter des anomalies dans les paramètres de biochimie. Les valeurs normales se situent entre 3.9 et 5.6 mmol/L.,Glycémie à jeun,analyse_labo,Biochimie,definition,False
C'est quoi GAJ ?,GAJ signifie Glycémie à jeun. C'est un terme utilisé en Biochimie.,Glycémie à jeun,analyse_labo,Biochimie,abbreviation,False
Quelle est la signification de GAJ ?,GAJ signifie Glycémie à jeun. C'est un terme utilisé en Biochimie.,Glycémie à jeun,analyse_labo,Biochimie,abbreviation,False
Quel est le taux normal de Glycémie à jeun ?,"Les valeurs normales de Glycémie à jeun se situent entre 3.9 et 5.6 mmol/L.

⚠️ Important : L'interprétation de résultats d'analyses doit être faite par votre médecin en tenant compte de votre contexte médical complet.",Glycémie à jeun,analyse_labo,Biochimie,valeurs_normales,True
Quelle est la norme de Glycémie à jeun ?,"Les valeurs normales de Glycémie à jeun se situent entre 3.9 et 5.6 mmol/L.

⚠️ Important : L'interprétation de résultats d'analyses doit être faite par votre médecin en tenant compte de votre contexte médical complet.",Glycémie à jeun,analyse_labo,Biochimie,valeurs_normales,True
À partir de quand Glycémie à jeun devient dangereux ?,"Pour Glycémie à jeun, les valeurs critiques sont : en dessous de 2.8 mmol/L (seuil bas critique) et au-dessus de 16.7 mmol/L (seuil haut critique). Ces valeurs nécessitent une attention médicale urgente.

⚠️ Important : L'interprétation de résultats d'analyses doit être faite par votre médecin en tenant compte de votre contexte médical complet.",Glycémie à jeun,analyse_labo,Biochimie,valeurs_critiques,True
"Glycémie à jeun à 4.57 mmol/L, est-ce inquiétant ?","Une valeur de 4.57 mmol/L pour Glycémie à jeun se situe dans la plage normale (3.9-5.6 mmol/L). Cependant, seul votre médecin peut interpréter ce résultat dans votre contexte clinique complet.

⚠️ Important : L'interprétation de résultats d'analyses doit être faite par votre médecin en tenant compte de votre contexte médical complet.",Glycémie à jeun,analyse_labo,Biochimie,interpretation,True
"Mon analyse montre Glycémie à jeun = 4.14 mmol/L, qu'en penses-tu ?","Une valeur de 4.14 mmol/L pour Glycémie à jeun se situe dans la plage normale (3.9-5.6 mmol/L). Cependant, seul votre médecin peut interpréter ce résultat dans votre contexte clinique complet.

⚠️ Important : L'interprétation de résultats d'analyses doit être faite par votre médecin en tenant compte de votre contexte médical complet.",Glycémie à jeun,analyse_labo,Biochimie,interpretation,True
Que signifie Hémoglobine glyquée ?,Hémoglobine glyquée (HbA1c) est une analyse de laboratoire en Endocrinologie. Marqueur diagnostique important pour évaluer la fonction et les troubles de endocrinologie. Les valeurs normales se situent entre 4.0 et 5.6 %.,Hémoglobine glyquée,analyse_labo,Endocrinologie,definition,False
Peux-tu me dire ce qu'est Hémoglobine glyquée ?,Hémoglobine glyquée (HbA1c) est une analyse de laboratoire en Endocrinologie. Marqueur diagnostique important pour évaluer la fonction et les troubles de endocrinologie. Les valeurs normales se situent entre 4.0 et 5.6 %.,Hémoglobine glyquée,analyse_labo,Endocrinologie,definition,False
Qu'entend-on par Hémoglobine glyquée ?,Hémoglobine glyquée (HbA1c) est une analyse de laboratoire en Endocrinologie. Marqueur diagnostique important pour évaluer la fonction et les troubles de endocrinologie. Les valeurs normales se situent entre 4.0 et 5.6 %.,Hémoglobine glyquée,analyse_labo,Endocrinologie,definition,False
"J'ai vu HbA1c sur mes analyses, c'est quoi ?",HbA1c signifie Hémoglobine glyquée. C'est un terme utilisé en Endocrinologie.,Hémoglobine glyquée,analyse_labo,Endocrinologie,abbreviation,False
Que veut dire HbA1c en médecine ?,HbA1c signifie Hémoglobine glyquée. C'est un terme utilisé en Endocrinologie.,Hémoglobine glyquée,analyse_labo,Endocrinologie,abbreviation,False
Quel est le taux normal de Hémoglobine glyquée ?,"Les valeurs normales de Hémoglobine glyquée se situent entre 4.0 et 5.6 %.

⚠️ Important : L'interprétation de résultats d'analyses doit être faite par votre médecin en tenant compte de votre contexte médical complet.",Hémoglobine glyquée,analyse_labo,Endocrinologie,valeurs_normales,True
Donne-moi les valeurs normales de Hémoglobine glyquée,"Les valeurs normales de Hémoglobine glyquée se situent entre 4.0 et 5.6 %.

⚠️ Important : L'interprétation de résultats d'analyses doit être faite par votre médecin en tenant compte de votre contexte médical complet.",Hémoglobine glyquée,analyse_labo,Endocrinologie,valeurs_normales,True
Valeurs alarmantes de Hémoglobine glyquée ?,"Pour Hémoglobine glyquée, les valeurs critiques sont : au-dessus de 9.0 % (seuil haut critique). Ces valeurs nécessitent une attention médicale urgente.

⚠️ Important : L'interprétation de résultats d'analyses doit être faite par votre médecin en tenant compte de votre contexte médical complet.",Hémoglobine glyquée,analyse_labo,Endocrinologie,valeurs_critiques,True
"Mon analyse montre Hémoglobine glyquée = 5.6 %, qu'en penses-tu ?","Une valeur de 5.6 % pour Hémoglobine glyquée se situe dans la plage normale (4.0-5.6 %). Cependant, seul votre médecin peut interpréter ce résultat dans votre contexte clinique complet.

⚠️ Important : L'interprétation de résultats d'analyses doit être faite par votre médecin en tenant compte de votre contexte médical complet.",Hémoglobine glyquée,analyse_labo,Endocrinologie,interpretation,True
"Dans le contexte médical, que signifie Hormone thyréostimulante ?",Hormone thyréostimulante (TSH) est une analyse de laboratoire en Endocrinologie. Marqueur diagnostique important pour évaluer la fonction et les troubles de endocrinologie. Les valeurs normales se situent entre 0.4 et 4.0 mUI/L.,Hormone thyréostimulante,analyse_labo,Endocrinologie,definition,False
"En médecine, qu'est-ce que Hormone thyréostimulante ?",Hormone thyréostimulante (TSH) est une analyse de laboratoire en Endocrinologie. Marqueur diagnostique important pour évaluer la fonction et les troubles de endocrinologie. Les valeurs normales se situent entre 0.4 et 4.0 mUI/L.,Hormone thyréostimulante,analyse_labo,Endocrinologie,definition,False
Peux-tu m'expliquer ce qu'est Hormone thyréostimulante ?,Hormone thyréostimulante (TSH) est une analyse de laboratoire en Endocrinologie. Marqueur diagnostique important pour évaluer la fonction et les troubles de endocrinologie. Les valeurs normales se situent entre 0.4 et 4.0 mUI/L.,Hormone thyréostimulante,analyse_labo,Endocrinologie,definition,False
Que signifie l'abréviation TSH ?,TSH signifie Hormone thyréostimulante. C'est un terme utilisé en Endocrinologie.,Hormone thyréostimulante,analyse_labo,Endocrinologie,abbreviation,False
C'est quoi TSH ?,TSH signifie Hormone thyréostimulante. C'est un terme utilisé en Endocrinologie.,Hormone thyréostimulante,analyse_labo,Endocrinologie,abbreviation,False
Valeurs de référence de Hormone thyréostimulante ?,"Les valeurs normales de Hormone thyréostimulante se situent entre 0.4 et 4.0 mUI/L.

⚠️ Important : L'interprétation de résultats d'analyses doit être faite par votre médecin en tenant compte de votre contexte médical complet.",Hormone thyréostimulante,analyse_labo,Endocrinologie,valeurs_normales,True
Entre quelles valeurs Hormone thyréostimulante doit se situer ?,"Les valeurs normales de Hormone thyréostimulante se situent entre 0.4 et 4.0 mUI/L.

⚠️ Important : L'interprétation de résultats d'analyses doit être faite par votre médecin en tenant compte de votre contexte médical complet.",Hormone thyréostimulante,analyse_labo,Endocrinologie,valeurs_normales,True
À partir de quand Hormone thyréostimulante devient dangereux ?,"Pour Hormone thyréostimulante, les valeurs critiques sont : en dessous de 0.01 mUI/L (seuil bas critique) et au-dessus de 10.0 mUI/L (seuil haut critique). Ces valeurs nécessitent une attention médicale urgente.

⚠️ Important : L'interprétation de résultats d'analyses doit être faite par votre médecin en tenant compte de votre contexte médical complet.",Hormone thyréostimulante,analyse_labo,Endocrinologie,valeurs_critiques,True
"Hormone thyréostimulante à 2.55 mUI/L, est-ce inquiétant ?","Une valeur de 2.55 mUI/L pour Hormone thyréostimulante se situe dans la plage normale (0.4-4.0 mUI/L). Cependant, seul votre médecin peut interpréter ce résultat dans votre contexte clinique complet.

⚠️ Important : L'interprétation de résultats d'analyses doit être faite par votre médecin en tenant compte de votre contexte médical complet.",Hormone thyréostimulante,analyse_labo,Endocrinologie,interpretation,True
"Hormone thyréostimulante à 1.77 mUI/L, est-ce inquiétant ?","Une valeur de 1.77 mUI/L pour Hormone thyréostimulante se situe dans la plage normale (0.4-4.0 mUI/L). Cependant, seul votre médecin peut interpréter ce résultat dans votre contexte clinique complet.

⚠️ Important : L'interprétation de résultats d'analyses doit être faite par votre médecin en tenant compte de votre contexte médical complet.",Hormone thyréostimulante,analyse_labo,Endocrinologie,interpretation,True
"Dans le contexte médical, que signifie T4 libre ?",T4 libre (FT4) est une analyse de laboratoire en Endocrinologie. Analyse quantitative du/de t4 libre fournissant des informations sur les processus physiologiques. Les valeurs normales se situent entre 10.0 et 20.0 pmol/L.,T4 libre,analyse_labo,Endocrinologie,definition,False
Peux-tu me dire ce qu'est T4 libre ?,T4 libre (FT4) est une analyse de laboratoire en Endocrinologie. Analyse quantitative du/de t4 libre fournissant des informations sur les processus physiologiques. Les valeurs normales se situent entre 10.0 et 20.0 pmol/L.,T4 libre,analyse_labo,Endocrinologie,definition,False
"En médecine, qu'est-ce que T4 libre ?",T4 libre (FT4) est une analyse de laboratoire en Endocrinologie. Analyse quantitative du/de t4 libre fournissant des informations sur les processus physiologiques. Les valeurs normales se situent entre 10.0 et 20.0 pmol/L.,T4 libre,analyse_labo,Endocrinologie,definition,False
Que signifie l'abréviation FT4 ?,FT4 signifie T4 libre. C'est un terme utilisé en Endocrinologie.,T4 libre,analyse_labo,Endocrinologie,abbreviation,False
C'est quoi FT4 ?,FT4 signifie T4 libre. C'est un terme utilisé en Endocrinologie.,T4 libre,analyse_labo,Endocrinologie,abbreviation,False
Entre quelles valeurs T4 libre doit se situer ?,"Les valeurs normales de T4 libre se situent entre 10.0 et 20.0 pmol/L.

⚠️ Important : L'interprétation de résultats d'analyses doit être faite par votre médecin en tenant compte de votre contexte médical complet.",T4 libre,analyse_labo,Endocrinologie,valeurs_normales,True
Valeurs standards de T4 libre ?,"Les valeurs normales de T4 libre se situent entre 10.0 et 20.0 pmol/L.

⚠️ Important : L'interprétation de résultats d'analyses doit être faite par votre médecin en tenant compte de votre contexte médical complet.",T4 libre,analyse_labo,Endocrinologie,valeurs_normales,True
Limites dangereuses de T4 libre ?,"Pour T4 libre, les valeurs critiques sont : en dessous de 5.0 pmol/L (seuil bas critique) et au-dessus de 30.0 pmol/L (seuil haut critique). Ces valeurs nécessitent une attention médicale urgente.

⚠️ Important : L'interprétation de résultats d'analyses doit être faite par votre médecin en tenant compte de votre contexte médical complet.",T4 libre,analyse_labo,Endocrinologie,valeurs_critiques,True
Est-ce que 17.69 pmol/L pour T4 libre est bon ?,"Une valeur de 17.69 pmol/L pour T4 libre se situe dans la plage normale (10.0-20.0 pmol/L). Cependant, seul votre médecin peut interpréter ce résultat dans votre contexte clinique complet.

⚠️ Important : L'interprétation de résultats d'analyses doit être faite par votre médecin en tenant compte de votre contexte médical complet.",T4 libre,analyse_labo,Endocrinologie,interpretation,True
"T4 libre à 11.12 pmol/L, est-ce inquiétant ?","Une valeur de 11.12 pmol/L pour T4 libre se situe dans la plage normale (10.0-20.0 pmol/L). Cependant, seul votre médecin peut interpréter ce résultat dans votre contexte clinique complet.

⚠️ Important : L'interprétation de résultats d'analyses doit être faite par votre médecin en tenant compte de votre contexte médical complet.",T4 libre,analyse_labo,Endocrinologie,interpretation,True
Je voudrais comprendre ce qu'est Protéine C-réactive,Protéine C-réactive (CRP) est une analyse de laboratoire en Immunologie. Analyse quantitative du/de protéine c-réactive fournissant des informations sur les processus physiologiques. Les valeurs normales se situent entre 0.0 et 5.0 mg/L.,Protéine C-réactive,analyse_labo,Immunologie,definition,False
"Je ne connais pas Protéine C-réactive, peux-tu m'aider ?",Protéine C-réactive (CRP) est une analyse de laboratoire en Immunologie. Analyse quantitative du/de protéine c-réactive fournissant des informations sur les processus physiologiques. Les valeurs normales se situent entre 0.0 et 5.0 mg/L.,Protéine C-réactive,analyse_labo,Immunologie,definition,False
Qu'est-ce que Protéine C-réactive ?,Protéine C-réactive (CRP) est une analyse de laboratoire en Immunologie. Analyse quantitative du/de protéine c-réactive fournissant des informations sur les processus physiologiques. Les valeurs normales se situent entre 0.0 et 5.0 mg/L.,Protéine C-réactive,analyse_labo,Immunologie,definition,False
Explique CRP,CRP signifie Protéine C-réactive. C'est un terme utilisé en Immunologie.,Protéine C-réactive,analyse_labo,Immunologie,abbreviation,False
Qu'est-ce que CRP signifie ?,CRP signifie Protéine C-réactive. C'est un terme utilisé en Immunologie.,Protéine C-réactive,analyse_labo,Immunologie,abbreviation,False
Valeurs de référence de Protéine C-réactive ?,"Les valeurs normales de Protéine C-réactive se situent entre 0.0 et 5.0 mg/L.

⚠️ Important : L'interprétation de résultats d'analyses doit être faite par votre médecin en tenant compte de votre contexte médical complet.",Protéine C-réactive,analyse_labo,Immunologie,valeurs_normales,True
Valeurs standards de Protéine C-réactive ?,"Les valeurs normales de Protéine C-réactive se situent entre 0.0 et 5.0 mg/L.

⚠️ Important : L'interprétation de résultats d'analyses doit être faite par votre médecin en tenant compte de votre contexte médical complet.",Protéine C-réactive,analyse_labo,Immunologie,valeurs_normales,True
Quelles sont les valeurs critiques de Protéine C-réactive ?,"Pour Protéine C-réactive, les valeurs critiques sont : au-dessus de 100.0 mg/L (seuil haut critique). Ces valeurs nécessitent une attention médicale urgente.

⚠️ Important : L'interprétation de résultats d'analyses doit être faite par votre médecin en tenant compte de votre contexte médical complet.",Protéine C-réactive,analyse_labo,Immunologie,valeurs_critiques,True
"Mon analyse montre Protéine C-réactive = 4.21 mg/L, qu'en penses-tu ?","Une valeur de 4.21 mg/L pour Protéine C-réactive se situe dans la plage normale (0.0-5.0 mg/L). Cependant, seul votre médecin peut interpréter ce résultat dans votre contexte clinique complet.

⚠️ Important : L'interprétation de résultats d'analyses doit être faite par votre médecin en tenant compte de votre contexte médical complet.",Protéine C-réactive,analyse_labo,Immunologie,interpretation,True
"Mon analyse montre Protéine C-réactive = 0.76 mg/L, qu'en penses-tu ?","Une valeur de 0.76 mg/L pour Protéine C-réactive se situe dans la plage normale (0.0-5.0 mg/L). Cependant, seul votre médecin peut interpréter ce résultat dans votre contexte clinique complet.

⚠️ Important : L'interprétation de résultats d'analyses doit être faite par votre médecin en tenant compte de votre contexte médical complet.",Protéine C-réactive,analyse_labo,Immunologie,interpretation,True
"Dans le contexte médical, que signifie Vitesse de sédimentation ?",Vitesse de sédimentation (VS) est une analyse de laboratoire en Hématologie. Analyse quantitative du/de vitesse de sédimentation fournissant des informations sur les processus physiologiques. Les valeurs normales se situent entre 0.0 et 20.0 mm/h.,Vitesse de sédimentation,analyse_labo,Hématologie,definition,False
Qu'est-ce que Vitesse de sédimentation ?,Vitesse de sédimentation (VS) est une analyse de laboratoire en Hématologie. Analyse quantitative du/de vitesse de sédimentation fournissant des informations sur les processus physiologiques. Les valeurs normales se situent entre 0.0 et 20.0 mm/h.,Vitesse de sédimentation,analyse_labo,Hématologie,definition,False
J'aimerais savoir ce qu'est Vitesse de sédimentation,Vitesse de sédimentation (VS) est une analyse de laboratoire en Hématologie. Analyse quantitative du/de vitesse de sédimentation fournissant des informations sur les processus physiologiques. Les valeurs normales se situent entre 0.0 et 20.0 mm/h.,Vitesse de sédimentation,analyse_labo,Hématologie,definition,False
VS veut dire quoi ?,VS signifie Vitesse de sédimentation. C'est un terme utilisé en Hématologie.,Vitesse de sédimentation,analyse_labo,Hématologie,abbreviation,False
Peux-tu m'expliquer VS ?,VS signifie Vitesse de sédimentation. C'est un terme utilisé en Hématologie.,Vitesse de sédimentation,analyse_labo,Hématologie,abbreviation,False
Quelles sont les valeurs normales de Vitesse de sédimentation ?,"Les valeurs normales de Vitesse de sédimentation se situent entre 0.0 et 20.0 mm/h.

⚠️ Important : L'interprétation de résultats d'analyses doit être faite par votre médecin en tenant compte de votre contexte médical complet.",Vitesse de sédimentation,analyse_labo,Hématologie,valeurs_normales,True
Quelle est la plage normale pour Vitesse de sédimentation ?,"Les valeurs normales de Vitesse de sédimentation se situent entre 0.0 et 20.0 mm/h.

⚠️ Important : L'interprétation de résultats d'analyses doit être faite par votre médecin en tenant compte de votre contexte médical complet.",Vitesse de sédimentation,analyse_labo,Hématologie,valeurs_normales,True
Valeurs alarmantes de Vitesse de sédimentation ?,"Pour Vitesse de sédimentation, les valeurs critiques sont : au-dessus de 100.0 mm/h (seuil haut critique). Ces valeurs nécessitent une attention médicale urgente.

⚠️ Important : L'interprétation de résultats d'analyses doit être faite par votre médecin en tenant compte de votre contexte médical complet.",Vitesse de sédimentation,analyse_labo,Hématologie,valeurs_critiques,True
"Mon analyse montre Vitesse de sédimentation = 4.79 mm/h, qu'en penses-tu ?","Une valeur de 4.79 mm/h pour Vitesse de sédimentation se situe dans la plage normale (0.0-20.0 mm/h). Cependant, seul votre médecin peut interpréter ce résultat dans votre contexte clinique complet.

⚠️ Important : L'interprétation de résultats d'analyses doit être faite par votre médecin en tenant compte de votre contexte médical complet.",Vitesse de sédimentation,analyse_labo,Hématologie,interpretation,True
"J'ai Vitesse de sédimentation à 17.56 mm/h, c'est normal ?","Une valeur de 17.56 mm/h pour Vitesse de sédimentation se situe dans la plage normale (0.0-20.0 mm/h). Cependant, seul votre médecin peut interpréter ce résultat dans votre contexte clinique complet.

⚠️ Important : L'interprétation de résultats d'analyses doit être faite par votre médecin en tenant compte de votre contexte médical complet.",Vitesse de sédimentation,analyse_labo,Hématologie,interpretation,True
Définis Créatinine,Créatinine (Cr) est une analyse de laboratoire en Biochimie. Analyse de laboratoire clinique mesurant les taux de créatinine pour évaluer l'état de santé. Les valeurs normales se situent entre 62.0 et 106.0 μmol/L.,Créatinine,analyse_labo,Biochimie,definition,False
"En médecine, qu'est-ce que Créatinine ?",Créatinine (Cr) est une analyse de laboratoire en Biochimie. Analyse de laboratoire clinique mesurant les taux de créatinine pour évaluer l'état de santé. Les valeurs normales se situent entre 62.0 et 106.0 μmol/L.,Créatinine,analyse_labo,Biochimie,definition,False
"Créatinine, qu'est-ce que c'est exactement ?",Créatinine (Cr) est une analyse de laboratoire en Biochimie. Analyse de laboratoire clinique mesurant les taux de créatinine pour évaluer l'état de santé. Les valeurs normales se situent entre 62.0 et 106.0 μmol/L.,Créatinine,analyse_labo,Biochimie,definition,False
C'est quoi Cr ?,Cr signifie Créatinine. C'est un terme utilisé en Biochimie.,Créatinine,analyse_labo,Biochimie,abbreviation,False
Qu'est-ce que Cr signifie ?,Cr signifie Créatinine. C'est un terme utilisé en Biochimie.,Créatinine,analyse_labo,Biochimie,abbreviation,False
Valeurs de référence de Créatinine ?,"Les valeurs normales de Créatinine se situent entre 62.0 et 106.0 μmol/L.

⚠️ Important : L'interprétation de résultats d'analyses doit être faite par votre médecin en tenant compte de votre contexte médical complet.",Créatinine,analyse_labo,Biochimie,valeurs_normales,True
Mon Créatinine est à combien normalement ?,"Les valeurs normales de Créatinine se situent entre 62.0 et 106.0 μmol/L.

⚠️ Important : L'interprétation de résultats d'analyses doit être faite par votre médecin en tenant compte de votre contexte médical complet.",Créatinine,analyse_labo,Biochimie,valeurs_normales,True
À quel niveau Créatinine devient préoccupant ?,"Pour Créatinine, les valeurs critiques sont : au-dessus de 530.0 μmol/L (seuil haut critique). Ces valeurs nécessitent une attention médicale urgente.

⚠️ Important : L'interprétation de résultats d'analyses doit être faite par votre médecin en tenant compte de votre contexte médical complet.",Créatinine,analyse_labo,Biochimie,valeurs_critiques,True
"Mon analyse montre Créatinine = 103.66 μmol/L, qu'en penses-tu ?","Une valeur de 103.66 μmol/L pour Créatinine se situe dans la plage normale (62.0-106.0 μmol/L). Cependant, seul votre médecin peut interpréter ce résultat dans votre contexte clinique complet.

⚠️ Important : L'interprétation de résultats d'analyses doit être faite par votre médecin en tenant compte de votre contexte médical complet.",Créatinine,analyse_labo,Biochimie,interpretation,True
"Créatinine à 73.66 μmol/L, est-ce inquiétant ?","Une valeur de 73.66 μmol/L pour Créatinine se situe dans la plage normale (62.0-106.0 μmol/L). Cependant, seul votre médecin peut interpréter ce résultat dans votre contexte clinique complet.

⚠️ Important : L'interprétation de résultats d'analyses doit être faite par votre médecin en tenant compte de votre contexte médical complet.",Créatinine,analyse_labo,Biochimie,interpretation,True
Donne-moi la définition de Urée sanguine,"Urée sanguine (BUN) est une analyse de laboratoire en Biochimie. Mesure du/de urée sanguine dans le sang, utilisée pour diagnostiquer et surveiller diverses affections. Les valeurs normales se situent entre 2.5 et 7.1 mmol/L.",Urée sanguine,analyse_labo,Biochimie,definition,False
"Dans le contexte médical, que signifie Urée sanguine ?","Urée sanguine (BUN) est une analyse de laboratoire en Biochimie. Mesure du/de urée sanguine dans le sang, utilisée pour diagnostiquer et surveiller diverses affections. Les valeurs normales se situent entre 2.5 et 7.1 mmol/L.",Urée sanguine,analyse_labo,Biochimie,definition,False
Qu'entend-on par Urée sanguine ?,"Urée sanguine (BUN) est une analyse de laboratoire en Biochimie. Mesure du/de urée sanguine dans le sang, utilisée pour diagnostiquer et surveiller diverses affections. Les valeurs normales se situent entre 2.5 et 7.1 mmol/L.",Urée sanguine,analyse_labo,Biochimie,definition,False
Explique BUN,BUN signifie Urée sanguine. C'est un terme utilisé en Biochimie.,Urée sanguine,analyse_labo,Biochimie,abbreviation,False
Que veut dire BUN en médecine ?,BUN signifie Urée sanguine. C'est un terme utilisé en Biochimie.,Urée sanguine,analyse_labo,Biochimie,abbreviation,False
Entre quelles valeurs Urée sanguine doit se situer ?,"Les valeurs normales de Urée sanguine se situent entre 2.5 et 7.1 mmol/L.

⚠️ Important : L'interprétation de résultats d'analyses doit être faite par votre médecin en tenant compte de votre contexte médical complet.",Urée sanguine,analyse_labo,Biochimie,valeurs_normales,True
Mon Urée sanguine est à combien normalement ?,"Les valeurs normales de Urée sanguine se situent entre 2.5 et 7.1 mmol/L.

⚠️ Important : L'interprétation de résultats d'analyses doit être faite par votre médecin en tenant compte de votre contexte médical complet.",Urée sanguine,analyse_labo,Biochimie,valeurs_normales,True
Valeurs alarmantes de Urée sanguine ?,"Pour Urée sanguine, les valeurs critiques sont : au-dessus de 35.7 mmol/L (seuil haut critique). Ces valeurs nécessitent une attention médicale urgente.

⚠️ Important : L'interprétation de résultats d'analyses doit être faite par votre médecin en tenant compte de votre contexte médical complet.",Urée sanguine,analyse_labo,Biochimie,valeurs_critiques,True
"Urée sanguine à 6.64 mmol/L, est-ce inquiétant ?","Une valeur de 6.64 mmol/L pour Urée sanguine se situe dans la plage normale (2.5-7.1 mmol/L). Cependant, seul votre médecin peut interpréter ce résultat dans votre contexte clinique complet.

⚠️ Important : L'interprétation de résultats d'analyses doit être faite par votre médecin en tenant compte de votre contexte médical complet.",Urée sanguine,analyse_labo,Biochimie,interpretation,True
"Mon analyse montre Urée sanguine = 3.06 mmol/L, qu'en penses-tu ?","Une valeur de 3.06 mmol/L pour Urée sanguine se situe dans la plage normale (2.5-7.1 mmol/L). Cependant, seul votre médecin peut interpréter ce résultat dans votre contexte clinique complet.

⚠️ Important : L'interprétation de résultats d'analyses doit être faite par votre médecin en tenant compte de votre contexte médical complet.",Urée sanguine,analyse_labo,Biochimie,interpretation,True
Définis Sodium,Sodium (Na) est une analyse de laboratoire en Biochimie. Analyse de laboratoire clinique mesurant les taux de sodium pour évaluer l'état de santé. Les valeurs normales se situent entre 135.0 et 145.0 mmol/L.,Sodium,analyse_labo,Biochimie,definition,False
Aide-moi à comprendre Sodium,Sodium (Na) est une analyse de laboratoire en Biochimie. Analyse de laboratoire clinique mesurant les taux de sodium pour évaluer l'état de santé. Les valeurs normales se situent entre 135.0 et 145.0 mmol/L.,Sodium,analyse_labo,Biochimie,definition,False
Qu'est-ce que Sodium ?,Sodium (Na) est une analyse de laboratoire en Biochimie. Analyse de laboratoire clinique mesurant les taux de sodium pour évaluer l'état de santé. Les valeurs normales se situent entre 135.0 et 145.0 mmol/L.,Sodium,analyse_labo,Biochimie,definition,False
"J'ai vu Na sur mes analyses, c'est quoi ?",Na signifie Sodium. C'est un terme utilisé en Biochimie.,Sodium,analyse_labo,Biochimie,abbreviation,False
Qu'est-ce que Na signifie ?,Na signifie Sodium. C'est un terme utilisé en Biochimie.,Sodium,analyse_labo,Biochimie,abbreviation,False
Quels sont les taux normaux de Sodium ?,"Les valeurs normales de Sodium se situent entre 135.0 et 145.0 mmol/L.

⚠️ Important : L'interprétation de résultats d'analyses doit être faite par votre médecin en tenant compte de votre contexte médical complet.",Sodium,analyse_labo,Biochimie,valeurs_normales,True
Quel est le taux normal de Sodium ?,"Les valeurs normales de Sodium se situent entre 135.0 et 145.0 mmol/L.

⚠️ Important : L'interprétation de résultats d'analyses doit être faite par votre médecin en tenant compte de votre contexte médical complet.",Sodium,analyse_labo,Biochimie,valeurs_normales,True
À partir de quand Sodium devient dangereux ?,"Pour Sodium, les valeurs critiques sont : en dessous de 120.0 mmol/L (seuil bas critique) et au-dessus de 160.0 mmol/L (seuil haut critique). Ces valeurs nécessitent une attention médicale urgente.

⚠️ Important : L'interprétation de résultats d'analyses doit être faite par votre médecin en tenant compte de votre contexte médical complet.",Sodium,analyse_labo,Biochimie,valeurs_critiques,True
"J'ai Sodium à 135.71 mmol/L, c'est normal ?","Une valeur de 135.71 mmol/L pour Sodium se situe dans la plage normale (135.0-145.0 mmol/L). Cependant, seul votre médecin peut interpréter ce résultat dans votre contexte clinique complet.

⚠️ Important : L'interprétation de résultats d'analyses doit être faite par votre médecin en tenant compte de votre contexte médical complet.",Sodium,analyse_labo,Biochimie,interpretation,True
Que signifie Potassium ?,Potassium (K) est une analyse de laboratoire en Biochimie. Marqueur diagnostique important pour évaluer la fonction et les troubles de biochimie. Les valeurs normales se situent entre 3.5 et 5.0 mmol/L.,Potassium,analyse_labo,Biochimie,definition,False
Définis Potassium,Potassium (K) est une analyse de laboratoire en Biochimie. Marqueur diagnostique important pour évaluer la fonction et les troubles de biochimie. Les valeurs normales se situent entre 3.5 et 5.0 mmol/L.,Potassium,analyse_labo,Biochimie,definition,False
"Je ne connais pas Potassium, peux-tu m'aider ?",Potassium (K) est une analyse de laboratoire en Biochimie. Marqueur diagnostique important pour évaluer la fonction et les troubles de biochimie. Les valeurs normales se situent entre 3.5 et 5.0 mmol/L.,Potassium,analyse_labo,Biochimie,definition,False
Que signifie l'abréviation K ?,K signifie Potassium. C'est un terme utilisé en Biochimie.,Potassium,analyse_labo,Biochimie,abbreviation,False
K veut dire quoi ?,K signifie Potassium. C'est un terme utilisé en Biochimie.,Potassium,analyse_labo,Biochimie,abbreviation,False
Quelle est la plage normale pour Potassium ?,"Les valeurs normales de Potassium se situent entre 3.5 et 5.0 mmol/L.

⚠️ Important : L'interprétation de résultats d'analyses doit être faite par votre médecin en tenant compte de votre contexte médical complet.",Potassium,analyse_labo,Biochimie,valeurs_normales,True
Valeurs standards de Potassium ?,"Les valeurs normales de Potassium se situent entre 3.5 et 5.0 mmol/L.

⚠️ Important : L'interprétation de résultats d'analyses doit être faite par votre médecin en tenant compte de votre contexte médical complet.",Potassium,analyse_labo,Biochimie,valeurs_normales,True
À partir de quand Potassium devient dangereux ?,"Pour Potassium, les valeurs critiques sont : en dessous de 2.5 mmol/L (seuil bas critique) et au-dessus de 6.5 mmol/L (seuil haut critique). Ces valeurs nécessitent une attention médicale urgente.

⚠️ Important : L'interprétation de résultats d'analyses doit être faite par votre médecin en tenant compte de votre contexte médical complet.",Potassium,analyse_labo,Biochimie,valeurs_critiques,True
"Mon analyse montre Potassium = 4.5 mmol/L, qu'en penses-tu ?","Une valeur de 4.5 mmol/L pour Potassium se situe dans la plage normale (3.5-5.0 mmol/L). Cependant, seul votre médecin peut interpréter ce résultat dans votre contexte clinique complet.

⚠️ Important : L'interprétation de résultats d'analyses doit être faite par votre médecin en tenant compte de votre contexte médical complet.",Potassium,analyse_labo,Biochimie,interpretation,True
"Potassium à 4.31 mmol/L, est-ce inquiétant ?","Une valeur de 4.31 mmol/L pour Potassium se situe dans la plage normale (3.5-5.0 mmol/L). Cependant, seul votre médecin peut interpréter ce résultat dans votre contexte clinique complet.

⚠️ Important : L'interprétation de résultats d'analyses doit être faite par votre médecin en tenant compte de votre contexte médical complet.",Potassium,analyse_labo,Biochimie,interpretation,True
Que signifie Alanine aminotransférase ?,Alanine aminotransférase (ALT) est une analyse de laboratoire en Biochimie. Analyse quantitative du/de alanine aminotransférase fournissant des informations sur les processus physiologiques. Les valeurs normales se situent entre 7.0 et 56.0 U/L.,Alanine aminotransférase,analyse_labo,Biochimie,definition,False
"En médecine, qu'est-ce que Alanine aminotransférase ?",Alanine aminotransférase (ALT) est une analyse de laboratoire en Biochimie. Analyse quantitative du/de alanine aminotransférase fournissant des informations sur les processus physiologiques. Les valeurs normales se situent entre 7.0 et 56.0 U/L.,Alanine aminotransférase,analyse_labo,Biochimie,definition,False
Pourrais-tu expliquer Alanine aminotransférase ?,Alanine aminotransférase (ALT) est une analyse de laboratoire en Biochimie. Analyse quantitative du/de alanine aminotransférase fournissant des informations sur les processus physiologiques. Les valeurs normales se situent entre 7.0 et 56.0 U/L.,Alanine aminotransférase,analyse_labo,Biochimie,definition,False
Que veut dire ALT en médecine ?,ALT signifie Alanine aminotransférase. C'est un terme utilisé en Biochimie.,Alanine aminotransférase,analyse_labo,Biochimie,abbreviation,False
Quelle est la signification de ALT ?,ALT signifie Alanine aminotransférase. C'est un terme utilisé en Biochimie.,Alanine aminotransférase,analyse_labo,Biochimie,abbreviation,False
Quelle est la plage normale pour Alanine aminotransférase ?,"Les valeurs normales de Alanine aminotransférase se situent entre 7.0 et 56.0 U/L.

⚠️ Important : L'interprétation de résultats d'analyses doit être faite par votre médecin en tenant compte de votre contexte médical complet.",Alanine aminotransférase,analyse_labo,Biochimie,valeurs_normales,True
Mon Alanine aminotransférase est à combien normalement ?,"Les valeurs normales de Alanine aminotransférase se situent entre 7.0 et 56.0 U/L.

⚠️ Important : L'interprétation de résultats d'analyses doit être faite par votre médecin en tenant compte de votre contexte médical complet.",Alanine aminotransférase,analyse_labo,Biochimie,valeurs_normales,True
À quel niveau Alanine aminotransférase devient préoccupant ?,"Pour Alanine aminotransférase, les valeurs critiques sont : au-dessus de 300.0 U/L (seuil haut critique). Ces valeurs nécessitent une attention médicale urgente.

⚠️ Important : L'interprétation de résultats d'analyses doit être faite par votre médecin en tenant compte de votre contexte médical complet.",Alanine aminotransférase,analyse_labo,Biochimie,valeurs_critiques,True
"Alanine aminotransférase à 24.36 U/L, est-ce inquiétant ?","Une valeur de 24.36 U/L pour Alanine aminotransférase se situe dans la plage normale (7.0-56.0 U/L). Cependant, seul votre médecin peut interpréter ce résultat dans votre contexte clinique complet.

⚠️ Important : L'interprétation de résultats d'analyses doit être faite par votre médecin en tenant compte de votre contexte médical complet.",Alanine aminotransférase,analyse_labo,Biochimie,interpretation,True
"J'ai Alanine aminotransférase à 29.88 U/L, c'est normal ?","Une valeur de 29.88 U/L pour Alanine aminotransférase se situe dans la plage normale (7.0-56.0 U/L). Cependant, seul votre médecin peut interpréter ce résultat dans votre contexte clinique complet.

⚠️ Important : L'interprétation de résultats d'analyses doit être faite par votre médecin en tenant compte de votre contexte médical complet.",Alanine aminotransférase,analyse_labo,Biochimie,interpretation,True
C'est quoi Aspartate aminotransférase ?,Aspartate aminotransférase (AST) est une analyse de laboratoire en Biochimie. Analyse de laboratoire clinique mesurant les taux de aspartate aminotransférase pour évaluer l'état de santé. Les valeurs normales se situent entre 10.0 et 40.0 U/L.,Aspartate aminotransférase,analyse_labo,Biochimie,definition,False
Peux-tu m'expliquer ce qu'est Aspartate aminotransférase ?,Aspartate aminotransférase (AST) est une analyse de laboratoire en Biochimie. Analyse de laboratoire clinique mesurant les taux de aspartate aminotransférase pour évaluer l'état de santé. Les valeurs normales se situent entre 10.0 et 40.0 U/L.,Aspartate aminotransférase,analyse_labo,Biochimie,definition,False
Donne-moi la définition de Aspartate aminotransférase,Aspartate aminotransférase (AST) est une analyse de laboratoire en Biochimie. Analyse de laboratoire clinique mesurant les taux de aspartate aminotransférase pour évaluer l'état de santé. Les valeurs normales se situent entre 10.0 et 40.0 U/L.,Aspartate aminotransférase,analyse_labo,Biochimie,definition,False
AST veut dire quoi ?,AST signifie Aspartate aminotransférase. C'est un terme utilisé en Biochimie.,Aspartate aminotransférase,analyse_labo,Biochimie,abbreviation,False
C'est quoi AST ?,AST signifie Aspartate aminotransférase. C'est un terme utilisé en Biochimie.,Aspartate aminotransférase,analyse_labo,Biochimie,abbreviation,False
Quels sont les taux normaux de Aspartate aminotransférase ?,"Les valeurs normales de Aspartate aminotransférase se situent entre 10.0 et 40.0 U/L.

⚠️ Important : L'interprétation de résultats d'analyses doit être faite par votre médecin en tenant compte de votre contexte médical complet.",Aspartate aminotransférase,analyse_labo,Biochimie,valeurs_normales,True
Mon Aspartate aminotransférase est à combien normalement ?,"Les valeurs normales de Aspartate aminotransférase se situent entre 10.0 et 40.0 U/L.

⚠️ Important : L'interprétation de résultats d'analyses doit être faite par votre médecin en tenant compte de votre contexte médical complet.",Aspartate aminotransférase,analyse_labo,Biochimie,valeurs_normales,True
À partir de quand Aspartate aminotransférase devient dangereux ?,"Pour Aspartate aminotransférase, les valeurs critiques sont : au-dessus de 300.0 U/L (seuil haut critique). Ces valeurs nécessitent une attention médicale urgente.

⚠️ Important : L'interprétation de résultats d'analyses doit être faite par votre médecin en tenant compte de votre contexte médical complet.",Aspartate aminotransférase,analyse_labo,Biochimie,valeurs_critiques,True
"Mon analyse montre Aspartate aminotransférase = 14.21 U/L, qu'en penses-tu ?","Une valeur de 14.21 U/L pour Aspartate aminotransférase se situe dans la plage normale (10.0-40.0 U/L). Cependant, seul votre médecin peut interpréter ce résultat dans votre contexte clinique complet.

⚠️ Important : L'interprétation de résultats d'analyses doit être faite par votre médecin en tenant compte de votre contexte médical complet.",Aspartate aminotransférase,analyse_labo,Biochimie,interpretation,True
"Mon analyse montre Aspartate aminotransférase = 18.36 U/L, qu'en penses-tu ?","Une valeur de 18.36 U/L pour Aspartate aminotransférase se situe dans la plage normale (10.0-40.0 U/L). Cependant, seul votre médecin peut interpréter ce résultat dans votre contexte clinique complet.

⚠️ Important : L'interprétation de résultats d'analyses doit être faite par votre médecin en tenant compte de votre contexte médical complet.",Aspartate aminotransférase,analyse_labo,Biochimie,interpretation,True
Définis Phosphatase alcaline,Phosphatase alcaline (PAL) est une analyse de laboratoire en Biochimie. Analyse quantitative du/de phosphatase alcaline fournissant des informations sur les processus physiologiques. Les valeurs normales se situent entre 44.0 et 147.0 U/L.,Phosphatase alcaline,analyse_labo,Biochimie,definition,False
"Je ne connais pas Phosphatase alcaline, peux-tu m'aider ?",Phosphatase alcaline (PAL) est une analyse de laboratoire en Biochimie. Analyse quantitative du/de phosphatase alcaline fournissant des informations sur les processus physiologiques. Les valeurs normales se situent entre 44.0 et 147.0 U/L.,Phosphatase alcaline,analyse_labo,Biochimie,definition,False
Pourrais-tu expliquer Phosphatase alcaline ?,Phosphatase alcaline (PAL) est une analyse de laboratoire en Biochimie. Analyse quantitative du/de phosphatase alcaline fournissant des informations sur les processus physiologiques. Les valeurs normales se situent entre 44.0 et 147.0 U/L.,Phosphatase alcaline,analyse_labo,Biochimie,definition,False
Qu'est-ce que PAL signifie ?,PAL signifie Phosphatase alcaline. C'est un terme utilisé en Biochimie.,Phosphatase alcaline,analyse_labo,Biochimie,abbreviation,False
C'est quoi PAL ?,PAL signifie Phosphatase alcaline. C'est un terme utilisé en Biochimie.,Phosphatase alcaline,analyse_labo,Biochimie,abbreviation,False
Quelles sont les valeurs normales de Phosphatase alcaline ?,"Les valeurs normales de Phosphatase alcaline se situent entre 44.0 et 147.0 U/L.

⚠️ Important : L'interprétation de résultats d'analyses doit être faite par votre médecin en tenant compte de votre contexte médical complet.",Phosphatase alcaline,analyse_labo,Biochimie,valeurs_normales,True
Entre quelles valeurs Phosphatase alcaline doit se situer ?,"Les valeurs normales de Phosphatase alcaline se situent entre 44.0 et 147.0 U/L.

⚠️ Important : L'interprétation de résultats d'analyses doit être faite par votre médecin en tenant compte de votre contexte médical complet.",Phosphatase alcaline,analyse_labo,Biochimie,valeurs_normales,True
Quand s'inquiéter pour Phosphatase alcaline ?,"Pour Phosphatase alcaline, les valeurs critiques sont : au-dessus de 500.0 U/L (seuil haut critique). Ces valeurs nécessitent une attention médicale urgente.

⚠️ Important : L'interprétation de résultats d'analyses doit être faite par votre médecin en tenant compte de votre contexte médical complet.",Phosphatase alcaline,analyse_labo,Biochimie,valeurs_critiques,True
"Mon analyse montre Phosphatase alcaline = 143.81 U/L, qu'en penses-tu ?","Une valeur de 143.81 U/L pour Phosphatase alcaline se situe dans la plage normale (44.0-147.0 U/L). Cependant, seul votre médecin peut interpréter ce résultat dans votre contexte clinique complet.

⚠️ Important : L'interprétation de résultats d'analyses doit être faite par votre médecin en tenant compte de votre contexte médical complet.",Phosphatase alcaline,analyse_labo,Biochimie,interpretation,True
Je voudrais comprendre ce qu'est Hypertension artérielle,"Hypertension artérielle (HTA) est une pathologie en Cardiovasculaire. Trouble de santé chronique affectant plusieurs systèmes, traité par changements de mode de vie et médicaments.",Hypertension artérielle,maladie,Cardiovasculaire,definition,False
"Hypertension artérielle, qu'est-ce que c'est exactement ?","Hypertension artérielle (HTA) est une pathologie en Cardiovasculaire. Trouble de santé chronique affectant plusieurs systèmes, traité par changements de mode de vie et médicaments.",Hypertension artérielle,maladie,Cardiovasculaire,definition,False
Que signifie Hypertension artérielle ?,"Hypertension artérielle (HTA) est une pathologie en Cardiovasculaire. Trouble de santé chronique affectant plusieurs systèmes, traité par changements de mode de vie et médicaments.",Hypertension artérielle,maladie,Cardiovasculaire,definition,False
Peux-tu m'expliquer HTA ?,HTA signifie Hypertension artérielle. C'est un terme utilisé en Cardiovasculaire.,Hypertension artérielle,maladie,Cardiovasculaire,abbreviation,False
Quelle est la signification de HTA ?,HTA signifie Hypertension artérielle. C'est un terme utilisé en Cardiovasculaire.,Hypertension artérielle,maladie,Cardiovasculaire,abbreviation,False
Manifestations de Hypertension artérielle ?,"Les symptômes de Hypertension artérielle peuvent varier selon les individus. Il est essentiel de consulter un professionnel de santé pour un diagnostic précis basé sur votre situation personnelle.

⚠️ Important : Seul un professionnel de santé qualifié peut établir un diagnostic. Cette information est fournie à titre éducatif uniquement.",Hypertension artérielle,maladie,Cardiovasculaire,symptomes,True
Quels sont les symptômes de Hypertension artérielle ?,"Les symptômes de Hypertension artérielle peuvent varier selon les individus. Il est essentiel de consulter un professionnel de santé pour un diagnostic précis basé sur votre situation personnelle.

⚠️ Important : Seul un professionnel de santé qualifié peut établir un diagnostic. Cette information est fournie à titre éducatif uniquement.",Hypertension artérielle,maladie,Cardiovasculaire,symptomes,True
Quel est le traitement pour Hypertension artérielle ?,"Le traitement de Hypertension artérielle doit être personnalisé selon chaque patient. Votre médecin déterminera la meilleure approche thérapeutique adaptée à votre situation.

⚠️ Important : Ne modifiez jamais votre traitement sans l'avis de votre médecin. Cette information est fournie à titre éducatif uniquement.",Hypertension artérielle,maladie,Cardiovasculaire,traitement,True
Origines de Hypertension artérielle ?,Les causes de Hypertension artérielle peuvent être multiples et varient d'une personne à l'autre. Une évaluation médicale permet d'identifier les facteurs spécifiques dans votre cas.,Hypertension artérielle,maladie,Cardiovasculaire,causes,False
Qu'est-ce que Diabète de type 2 ?,"Diabète de type 2 (DT2) est une pathologie en Endocrinologie. Trouble de santé chronique affectant plusieurs systèmes, traité par changements de mode de vie et médicaments.",Diabète de type 2,maladie,Endocrinologie,definition,False
Pourrais-tu expliquer Diabète de type 2 ?,"Diabète de type 2 (DT2) est une pathologie en Endocrinologie. Trouble de santé chronique affectant plusieurs systèmes, traité par changements de mode de vie et médicaments.",Diabète de type 2,maladie,Endocrinologie,definition,False
Explique-moi Diabète de type 2,"Diabète de type 2 (DT2) est une pathologie en Endocrinologie. Trouble de santé chronique affectant plusieurs systèmes, traité par changements de mode de vie et médicaments.",Diabète de type 2,maladie,Endocrinologie,definition,False
Peux-tu m'expliquer DT2 ?,DT2 signifie Diabète de type 2. C'est un terme utilisé en Endocrinologie.,Diabète de type 2,maladie,Endocrinologie,abbreviation,False
Explique DT2,DT2 signifie Diabète de type 2. C'est un terme utilisé en Endocrinologie.,Diabète de type 2,maladie,Endocrinologie,abbreviation,False
Manifestations de Diabète de type 2 ?,"Les symptômes de Diabète de type 2 peuvent varier selon les individus. Il est essentiel de consulter un professionnel de santé pour un diagnostic précis basé sur votre situation personnelle.

⚠️ Important : Seul un professionnel de santé qualifié peut établir un diagnostic. Cette information est fournie à titre éducatif uniquement.",Diabète de type 2,maladie,Endocrinologie,symptomes,True
Comment savoir si j'ai Diabète de type 2 ?,"Les symptômes de Diabète de type 2 peuvent varier selon les individus. Il est essentiel de consulter un professionnel de santé pour un diagnostic précis basé sur votre situation personnelle.

⚠️ Important : Seul un professionnel de santé qualifié peut établir un diagnostic. Cette information est fournie à titre éducatif uniquement.",Diabète de type 2,maladie,Endocrinologie,symptomes,True
Prise en charge de Diabète de type 2 ?,"Le traitement de Diabète de type 2 doit être personnalisé selon chaque patient. Votre médecin déterminera la meilleure approche thérapeutique adaptée à votre situation.

⚠️ Important : Ne modifiez jamais votre traitement sans l'avis de votre médecin. Cette information est fournie à titre éducatif uniquement.",Diabète de type 2,maladie,Endocrinologie,traitement,True
Facteurs de risque de Diabète de type 2 ?,Les causes de Diabète de type 2 peuvent être multiples et varient d'une personne à l'autre. Une évaluation médicale permet d'identifier les facteurs spécifiques dans votre cas.,Diabète de type 2,maladie,Endocrinologie,causes,False
"En médecine, qu'est-ce que Maladie coronarienne ?",Maladie coronarienne (MC) est une pathologie en Cardiovasculaire. Condition pathologique nécessitant une surveillance et un traitement continus.,Maladie coronarienne,maladie,Cardiovasculaire,definition,False
Explique-moi Maladie coronarienne,Maladie coronarienne (MC) est une pathologie en Cardiovasculaire. Condition pathologique nécessitant une surveillance et un traitement continus.,Maladie coronarienne,maladie,Cardiovasculaire,definition,False
C'est quoi Maladie coronarienne ?,Maladie coronarienne (MC) est une pathologie en Cardiovasculaire. Condition pathologique nécessitant une surveillance et un traitement continus.,Maladie coronarienne,maladie,Cardiovasculaire,definition,False
Explique MC,MC signifie Maladie coronarienne. C'est un terme utilisé en Cardiovasculaire.,Maladie coronarienne,maladie,Cardiovasculaire,abbreviation,False
Quelle est la signification de MC ?,MC signifie Maladie coronarienne. C'est un terme utilisé en Cardiovasculaire.,Maladie coronarienne,maladie,Cardiovasculaire,abbreviation,False
Quels sont les symptômes de Maladie coronarienne ?,"Les symptômes de Maladie coronarienne peuvent varier selon les individus. Il est essentiel de consulter un professionnel de santé pour un diagnostic précis basé sur votre situation personnelle.

⚠️ Important : Seul un professionnel de santé qualifié peut établir un diagnostic. Cette information est fournie à titre éducatif uniquement.",Maladie coronarienne,maladie,Cardiovasculaire,symptomes,True
Quels sont les signes de Maladie coronarienne ?,"Les symptômes de Maladie coronarienne peuvent varier selon les individus. Il est essentiel de consulter un professionnel de santé pour un diagnostic précis basé sur votre situation personnelle.

⚠️ Important : Seul un professionnel de santé qualifié peut établir un diagnostic. Cette information est fournie à titre éducatif uniquement.",Maladie coronarienne,maladie,Cardiovasculaire,symptomes,True
Prise en charge de Maladie coronarienne ?,"Le traitement de Maladie coronarienne doit être personnalisé selon chaque patient. Votre médecin déterminera la meilleure approche thérapeutique adaptée à votre situation.

⚠️ Important : Ne modifiez jamais votre traitement sans l'avis de votre médecin. Cette information est fournie à titre éducatif uniquement.",Maladie coronarienne,maladie,Cardiovasculaire,traitement,True
Facteurs de risque de Maladie coronarienne ?,Les causes de Maladie coronarienne peuvent être multiples et varient d'une personne à l'autre. Une évaluation médicale permet d'identifier les facteurs spécifiques dans votre cas.,Maladie coronarienne,maladie,Cardiovasculaire,causes,False
Peux-tu m'expliquer ce qu'est Bronchopneumopathie chronique obstructive ?,"Bronchopneumopathie chronique obstructive (BPCO) est une pathologie en Respiratoire. Trouble de santé chronique affectant plusieurs systèmes, traité par changements de mode de vie et médicaments.",Bronchopneumopathie chronique obstructive,maladie,Respiratoire,definition,False
Aide-moi à comprendre Bronchopneumopathie chronique obstructive,"Bronchopneumopathie chronique obstructive (BPCO) est une pathologie en Respiratoire. Trouble de santé chronique affectant plusieurs systèmes, traité par changements de mode de vie et médicaments.",Bronchopneumopathie chronique obstructive,maladie,Respiratoire,definition,False
Qu'est-ce que Bronchopneumopathie chronique obstructive ?,"Bronchopneumopathie chronique obstructive (BPCO) est une pathologie en Respiratoire. Trouble de santé chronique affectant plusieurs systèmes, traité par changements de mode de vie et médicaments.",Bronchopneumopathie chronique obstructive,maladie,Respiratoire,definition,False
Que signifie l'abréviation BPCO ?,BPCO signifie Bronchopneumopathie chronique obstructive. C'est un terme utilisé en Respiratoire.,Bronchopneumopathie chronique obstructive,maladie,Respiratoire,abbreviation,False
"J'ai vu BPCO sur mes analyses, c'est quoi ?",BPCO signifie Bronchopneumopathie chronique obstructive. C'est un terme utilisé en Respiratoire.,Bronchopneumopathie chronique obstructive,maladie,Respiratoire,abbreviation,False
Symptômes typiques de Bronchopneumopathie chronique obstructive ?,"Les symptômes de Bronchopneumopathie chronique obstructive peuvent varier selon les individus. Il est essentiel de consulter un professionnel de santé pour un diagnostic précis basé sur votre situation personnelle.

⚠️ Important : Seul un professionnel de santé qualifié peut établir un diagnostic. Cette information est fournie à titre éducatif uniquement.",Bronchopneumopathie chronique obstructive,maladie,Respiratoire,symptomes,True
Quels sont les signes de Bronchopneumopathie chronique obstructive ?,"Les symptômes de Bronchopneumopathie chronique obstructive peuvent varier selon les individus. Il est essentiel de consulter un professionnel de santé pour un diagnostic précis basé sur votre situation personnelle.

⚠️ Important : Seul un professionnel de santé qualifié peut établir un diagnostic. Cette information est fournie à titre éducatif uniquement.",Bronchopneumopathie chronique obstructive,maladie,Respiratoire,symptomes,True
Options thérapeutiques pour Bronchopneumopathie chronique obstructive ?,"Le traitement de Bronchopneumopathie chronique obstructive doit être personnalisé selon chaque patient. Votre médecin déterminera la meilleure approche thérapeutique adaptée à votre situation.

⚠️ Important : Ne modifiez jamais votre traitement sans l'avis de votre médecin. Cette information est fournie à titre éducatif uniquement.",Bronchopneumopathie chronique obstructive,maladie,Respiratoire,traitement,True
Facteurs de risque de Bronchopneumopathie chronique obstructive ?,Les causes de Bronchopneumopathie chronique obstructive peuvent être multiples et varient d'une personne à l'autre. Une évaluation médicale permet d'identifier les facteurs spécifiques dans votre cas.,Bronchopneumopathie chronique obstructive,maladie,Respiratoire,causes,False
Je voudrais comprendre ce qu'est Asthme,Asthme est une pathologie en Respiratoire. Condition de santé avec des critères diagnostiques spécifiques et des protocoles de traitement.,Asthme,maladie,Respiratoire,definition,False
Peux-tu m'expliquer ce qu'est Asthme ?,Asthme est une pathologie en Respiratoire. Condition de santé avec des critères diagnostiques spécifiques et des protocoles de traitement.,Asthme,maladie,Respiratoire,definition,False
Peux-tu me dire ce qu'est Asthme ?,Asthme est une pathologie en Respiratoire. Condition de santé avec des critères diagnostiques spécifiques et des protocoles de traitement.,Asthme,maladie,Respiratoire,definition,False
Comment se manifeste Asthme ?,"Les symptômes de Asthme peuvent varier selon les individus. Il est essentiel de consulter un professionnel de santé pour un diagnostic précis basé sur votre situation personnelle.

⚠️ Important : Seul un professionnel de santé qualifié peut établir un diagnostic. Cette information est fournie à titre éducatif uniquement.",Asthme,maladie,Respiratoire,symptomes,True
Manifestations de Asthme ?,"Les symptômes de Asthme peuvent varier selon les individus. Il est essentiel de consulter un professionnel de santé pour un diagnostic précis basé sur votre situation personnelle.

⚠️ Important : Seul un professionnel de santé qualifié peut établir un diagnostic. Cette information est fournie à titre éducatif uniquement.",Asthme,maladie,Respiratoire,symptomes,True
Quel est le traitement pour Asthme ?,"Le traitement de Asthme doit être personnalisé selon chaque patient. Votre médecin déterminera la meilleure approche thérapeutique adaptée à votre situation.

⚠️ Important : Ne modifiez jamais votre traitement sans l'avis de votre médecin. Cette information est fournie à titre éducatif uniquement.",Asthme,maladie,Respiratoire,traitement,True
Quelles sont les causes de Asthme ?,Les causes de Asthme peuvent être multiples et varient d'une personne à l'autre. Une évaluation médicale permet d'identifier les facteurs spécifiques dans votre cas.,Asthme,maladie,Respiratoire,causes,False
Définis Polyarthrite rhumatoïde,Polyarthrite rhumatoïde (PR) est une pathologie en Musculo-squelettique. Condition de santé avec des critères diagnostiques spécifiques et des protocoles de traitement.,Polyarthrite rhumatoïde,maladie,Musculo-squelettique,definition,False
Que signifie Polyarthrite rhumatoïde ?,Polyarthrite rhumatoïde (PR) est une pathologie en Musculo-squelettique. Condition de santé avec des critères diagnostiques spécifiques et des protocoles de traitement.,Polyarthrite rhumatoïde,maladie,Musculo-squelettique,definition,False
Donne-moi la définition de Polyarthrite rhumatoïde,Polyarthrite rhumatoïde (PR) est une pathologie en Musculo-squelettique. Condition de santé avec des critères diagnostiques spécifiques et des protocoles de traitement.,Polyarthrite rhumatoïde,maladie,Musculo-squelettique,definition,False
C'est quoi PR ?,PR signifie Polyarthrite rhumatoïde. C'est un terme utilisé en Musculo-squelettique.,Polyarthrite rhumatoïde,maladie,Musculo-squelettique,abbreviation,False
"J'ai vu PR sur mes analyses, c'est quoi ?",PR signifie Polyarthrite rhumatoïde. C'est un terme utilisé en Musculo-squelettique.,Polyarthrite rhumatoïde,maladie,Musculo-squelettique,abbreviation,False
Comment reconnaître Polyarthrite rhumatoïde ?,"Les symptômes de Polyarthrite rhumatoïde peuvent varier selon les individus. Il est essentiel de consulter un professionnel de santé pour un diagnostic précis basé sur votre situation personnelle.

⚠️ Important : Seul un professionnel de santé qualifié peut établir un diagnostic. Cette information est fournie à titre éducatif uniquement.",Polyarthrite rhumatoïde,maladie,Musculo-squelettique,symptomes,True
Quels sont les signes de Polyarthrite rhumatoïde ?,"Les symptômes de Polyarthrite rhumatoïde peuvent varier selon les individus. Il est essentiel de consulter un professionnel de santé pour un diagnostic précis basé sur votre situation personnelle.

⚠️ Important : Seul un professionnel de santé qualifié peut établir un diagnostic. Cette information est fournie à titre éducatif uniquement.",Polyarthrite rhumatoïde,maladie,Musculo-squelettique,symptomes,True
Quel traitement pour Polyarthrite rhumatoïde ?,"Le traitement de Polyarthrite rhumatoïde doit être personnalisé selon chaque patient. Votre médecin déterminera la meilleure approche thérapeutique adaptée à votre situation.

⚠️ Important : Ne modifiez jamais votre traitement sans l'avis de votre médecin. Cette information est fournie à titre éducatif uniquement.",Polyarthrite rhumatoïde,maladie,Musculo-squelettique,traitement,True
Quelles sont les causes de Polyarthrite rhumatoïde ?,Les causes de Polyarthrite rhumatoïde peuvent être multiples et varient d'une personne à l'autre. Une évaluation médicale permet d'identifier les facteurs spécifiques dans votre cas.,Polyarthrite rhumatoïde,maladie,Musculo-squelettique,causes,False
Définis Arthrose,"Arthrose est une pathologie en Musculo-squelettique. Trouble de santé chronique affectant plusieurs systèmes, traité par changements de mode de vie et médicaments.",Arthrose,maladie,Musculo-squelettique,definition,False
"Arthrose, qu'est-ce que c'est exactement ?","Arthrose est une pathologie en Musculo-squelettique. Trouble de santé chronique affectant plusieurs systèmes, traité par changements de mode de vie et médicaments.",Arthrose,maladie,Musculo-squelettique,definition,False
Aide-moi à comprendre Arthrose,"Arthrose est une pathologie en Musculo-squelettique. Trouble de santé chronique affectant plusieurs systèmes, traité par changements de mode de vie et médicaments.",Arthrose,maladie,Musculo-squelettique,definition,False
Comment savoir si j'ai Arthrose ?,"Les symptômes de Arthrose peuvent varier selon les individus. Il est essentiel de consulter un professionnel de santé pour un diagnostic précis basé sur votre situation personnelle.

⚠️ Important : Seul un professionnel de santé qualifié peut établir un diagnostic. Cette information est fournie à titre éducatif uniquement.",Arthrose,maladie,Musculo-squelettique,symptomes,True
Signes de Arthrose ?,"Les symptômes de Arthrose peuvent varier selon les individus. Il est essentiel de consulter un professionnel de santé pour un diagnostic précis basé sur votre situation personnelle.

⚠️ Important : Seul un professionnel de santé qualifié peut établir un diagnostic. Cette information est fournie à titre éducatif uniquement.",Arthrose,maladie,Musculo-squelettique,symptomes,True
Quel est le traitement pour Arthrose ?,"Le traitement de Arthrose doit être personnalisé selon chaque patient. Votre médecin déterminera la meilleure approche thérapeutique adaptée à votre situation.

⚠️ Important : Ne modifiez jamais votre traitement sans l'avis de votre médecin. Cette information est fournie à titre éducatif uniquement.",Arthrose,maladie,Musculo-squelettique,traitement,True
Qu'est-ce qui provoque Arthrose ?,Les causes de Arthrose peuvent être multiples et varient d'une personne à l'autre. Une évaluation médicale permet d'identifier les facteurs spécifiques dans votre cas.,Arthrose,maladie,Musculo-squelettique,causes,False
Que signifie Trouble dépressif majeur ?,Trouble dépressif majeur (TDM) est une pathologie en Psychiatrique. Condition pathologique nécessitant une surveillance et un traitement continus.,Trouble dépressif majeur,maladie,Psychiatrique,definition,False
Peux-tu me dire ce qu'est Trouble dépressif majeur ?,Trouble dépressif majeur (TDM) est une pathologie en Psychiatrique. Condition pathologique nécessitant une surveillance et un traitement continus.,Trouble dépressif majeur,maladie,Psychiatrique,definition,False
Donne-moi la définition de Trouble dépressif majeur,Trouble dépressif majeur (TDM) est une pathologie en Psychiatrique. Condition pathologique nécessitant une surveillance et un traitement continus.,Trouble dépressif majeur,maladie,Psychiatrique,definition,False
TDM signifie quoi ?,TDM signifie Trouble dépressif majeur. C'est un terme utilisé en Psychiatrique.,Trouble dépressif majeur,maladie,Psychiatrique,abbreviation,False
Explique TDM,TDM signifie Trouble dépressif majeur. C'est un terme utilisé en Psychiatrique.,Trouble dépressif majeur,maladie,Psychiatrique,abbreviation,False
Symptômes typiques de Trouble dépressif majeur ?,"Les symptômes de Trouble dépressif majeur peuvent varier selon les individus. Il est essentiel de consulter un professionnel de santé pour un diagnostic précis basé sur votre situation personnelle.

⚠️ Important : Seul un professionnel de santé qualifié peut établir un diagnostic. Cette information est fournie à titre éducatif uniquement.",Trouble dépressif majeur,maladie,Psychiatrique,symptomes,True
Signes de Trouble dépressif majeur ?,"Les symptômes de Trouble dépressif majeur peuvent varier selon les individus. Il est essentiel de consulter un professionnel de santé pour un diagnostic précis basé sur votre situation personnelle.

⚠️ Important : Seul un professionnel de santé qualifié peut établir un diagnostic. Cette information est fournie à titre éducatif uniquement.",Trouble dépressif majeur,maladie,Psychiatrique,symptomes,True
Options thérapeutiques pour Trouble dépressif majeur ?,"Le traitement de Trouble dépressif majeur doit être personnalisé selon chaque patient. Votre médecin déterminera la meilleure approche thérapeutique adaptée à votre situation.

⚠️ Important : Ne modifiez jamais votre traitement sans l'avis de votre médecin. Cette information est fournie à titre éducatif uniquement.",Trouble dépressif majeur,maladie,Psychiatrique,traitement,True
Quelles sont les causes de Trouble dépressif majeur ?,Les causes de Trouble dépressif majeur peuvent être multiples et varient d'une personne à l'autre. Une évaluation médicale permet d'identifier les facteurs spécifiques dans votre cas.,Trouble dépressif majeur,maladie,Psychiatrique,causes,False
Qu'est-ce que Trouble anxieux généralisé ?,Trouble anxieux généralisé (TAG) est une pathologie en Psychiatrique. Condition de santé avec des critères diagnostiques spécifiques et des protocoles de traitement.,Trouble anxieux généralisé,maladie,Psychiatrique,definition,False
"Je ne connais pas Trouble anxieux généralisé, peux-tu m'aider ?",Trouble anxieux généralisé (TAG) est une pathologie en Psychiatrique. Condition de santé avec des critères diagnostiques spécifiques et des protocoles de traitement.,Trouble anxieux généralisé,maladie,Psychiatrique,definition,False
J'aimerais savoir ce qu'est Trouble anxieux généralisé,Trouble anxieux généralisé (TAG) est une pathologie en Psychiatrique. Condition de santé avec des critères diagnostiques spécifiques et des protocoles de traitement.,Trouble anxieux généralisé,maladie,Psychiatrique,definition,False
"J'ai vu TAG sur mes analyses, c'est quoi ?",TAG signifie Trouble anxieux généralisé. C'est un terme utilisé en Psychiatrique.,Trouble anxieux généralisé,maladie,Psychiatrique,abbreviation,False
C'est quoi TAG ?,TAG signifie Trouble anxieux généralisé. C'est un terme utilisé en Psychiatrique.,Trouble anxieux généralisé,maladie,Psychiatrique,abbreviation,False
Comment se manifeste Trouble anxieux généralisé ?,"Les symptômes de Trouble anxieux généralisé peuvent varier selon les individus. Il est essentiel de consulter un professionnel de santé pour un diagnostic précis basé sur votre situation personnelle.

⚠️ Important : Seul un professionnel de santé qualifié peut établir un diagnostic. Cette information est fournie à titre éducatif uniquement.",Trouble anxieux généralisé,maladie,Psychiatrique,symptomes,True
Quels sont les signes de Trouble anxieux généralisé ?,"Les symptômes de Trouble anxieux généralisé peuvent varier selon les individus. Il est essentiel de consulter un professionnel de santé pour un diagnostic précis basé sur votre situation personnelle.

⚠️ Important : Seul un professionnel de santé qualifié peut établir un diagnostic. Cette information est fournie à titre éducatif uniquement.",Trouble anxieux généralisé,maladie,Psychiatrique,symptomes,True
Quel est le traitement pour Trouble anxieux généralisé ?,"Le traitement de Trouble anxieux généralisé doit être personnalisé selon chaque patient. Votre médecin déterminera la meilleure approche thérapeutique adaptée à votre situation.

⚠️ Important : Ne modifiez jamais votre traitement sans l'avis de votre médecin. Cette information est fournie à titre éducatif uniquement.",Trouble anxieux généralisé,maladie,Psychiatrique,traitement,True
Facteurs de risque de Trouble anxieux généralisé ?,Les causes de Trouble anxieux généralisé peuvent être multiples et varient d'une personne à l'autre. Une évaluation médicale permet d'identifier les facteurs spécifiques dans votre cas.,Trouble anxieux généralisé,maladie,Psychiatrique,causes,False
Peux-tu me dire ce qu'est Hypothyroïdie ?,Hypothyroïdie est une pathologie en Endocrinologie. Trouble endocrinologie courant ayant un impact significatif sur la qualité de vie.,Hypothyroïdie,maladie,Endocrinologie,definition,False
Explique-moi Hypothyroïdie,Hypothyroïdie est une pathologie en Endocrinologie. Trouble endocrinologie courant ayant un impact significatif sur la qualité de vie.,Hypothyroïdie,maladie,Endocrinologie,definition,False
"Je ne connais pas Hypothyroïdie, peux-tu m'aider ?",Hypothyroïdie est une pathologie en Endocrinologie. Trouble endocrinologie courant ayant un impact significatif sur la qualité de vie.,Hypothyroïdie,maladie,Endocrinologie,definition,False
Comment savoir si j'ai Hypothyroïdie ?,"Les symptômes de Hypothyroïdie peuvent varier selon les individus. Il est essentiel de consulter un professionnel de santé pour un diagnostic précis basé sur votre situation personnelle.

⚠️ Important : Seul un professionnel de santé qualifié peut établir un diagnostic. Cette information est fournie à titre éducatif uniquement.",Hypothyroïdie,maladie,Endocrinologie,symptomes,True
Quels sont les symptômes de Hypothyroïdie ?,"Les symptômes de Hypothyroïdie peuvent varier selon les individus. Il est essentiel de consulter un professionnel de santé pour un diagnostic précis basé sur votre situation personnelle.

⚠️ Important : Seul un professionnel de santé qualifié peut établir un diagnostic. Cette information est fournie à titre éducatif uniquement.",Hypothyroïdie,maladie,Endocrinologie,symptomes,True
Quel est le traitement pour Hypothyroïdie ?,"Le traitement de Hypothyroïdie doit être personnalisé selon chaque patient. Votre médecin déterminera la meilleure approche thérapeutique adaptée à votre situation.

⚠️ Important : Ne modifiez jamais votre traitement sans l'avis de votre médecin. Cette information est fournie à titre éducatif uniquement.",Hypothyroïdie,maladie,Endocrinologie,traitement,True
Qu'est-ce qui provoque Hypothyroïdie ?,Les causes de Hypothyroïdie peuvent être multiples et varient d'une personne à l'autre. Une évaluation médicale permet d'identifier les facteurs spécifiques dans votre cas.,Hypothyroïdie,maladie,Endocrinologie,causes,False
J'aimerais savoir ce qu'est Hyperthyroïdie,Hyperthyroïdie est une pathologie en Endocrinologie. Condition de santé avec des critères diagnostiques spécifiques et des protocoles de traitement.,Hyperthyroïdie,maladie,Endocrinologie,definition,False
Je voudrais comprendre ce qu'est Hyperthyroïdie,Hyperthyroïdie est une pathologie en Endocrinologie. Condition de santé avec des critères diagnostiques spécifiques et des protocoles de traitement.,Hyperthyroïdie,maladie,Endocrinologie,definition,False
Que signifie Hyperthyroïdie ?,Hyperthyroïdie est une pathologie en Endocrinologie. Condition de santé avec des critères diagnostiques spécifiques et des protocoles de traitement.,Hyperthyroïdie,maladie,Endocrinologie,definition,False
Quels sont les signes de Hyperthyroïdie ?,"Les symptômes de Hyperthyroïdie peuvent varier selon les individus. Il est essentiel de consulter un professionnel de santé pour un diagnostic précis basé sur votre situation personnelle.

⚠️ Important : Seul un professionnel de santé qualifié peut établir un diagnostic. Cette information est fournie à titre éducatif uniquement.",Hyperthyroïdie,maladie,Endocrinologie,symptomes,True
Symptômes typiques de Hyperthyroïdie ?,"Les symptômes de Hyperthyroïdie peuvent varier selon les individus. Il est essentiel de consulter un professionnel de santé pour un diagnostic précis basé sur votre situation personnelle.

⚠️ Important : Seul un professionnel de santé qualifié peut établir un diagnostic. Cette information est fournie à titre éducatif uniquement.",Hyperthyroïdie,maladie,Endocrinologie,symptomes,True
Options thérapeutiques pour Hyperthyroïdie ?,"Le traitement de Hyperthyroïdie doit être personnalisé selon chaque patient. Votre médecin déterminera la meilleure approche thérapeutique adaptée à votre situation.

⚠️ Important : Ne modifiez jamais votre traitement sans l'avis de votre médecin. Cette information est fournie à titre éducatif uniquement.",Hyperthyroïdie,maladie,Endocrinologie,traitement,True
Facteurs de risque de Hyperthyroïdie ?,Les causes de Hyperthyroïdie peuvent être multiples et varient d'une personne à l'autre. Une évaluation médicale permet d'identifier les facteurs spécifiques dans votre cas.,Hyperthyroïdie,maladie,Endocrinologie,causes,False
Qu'est-ce que Insuffisance cardiaque ?,Insuffisance cardiaque (IC) est une pathologie en Cardiovasculaire. Condition de santé avec des critères diagnostiques spécifiques et des protocoles de traitement.,Insuffisance cardiaque,maladie,Cardiovasculaire,definition,False
J'aimerais savoir ce qu'est Insuffisance cardiaque,Insuffisance cardiaque (IC) est une pathologie en Cardiovasculaire. Condition de santé avec des critères diagnostiques spécifiques et des protocoles de traitement.,Insuffisance cardiaque,maladie,Cardiovasculaire,definition,False
"Je ne connais pas Insuffisance cardiaque, peux-tu m'aider ?",Insuffisance cardiaque (IC) est une pathologie en Cardiovasculaire. Condition de santé avec des critères diagnostiques spécifiques et des protocoles de traitement.,Insuffisance cardiaque,maladie,Cardiovasculaire,definition,False
"Mon médecin a parlé de IC, qu'est-ce que c'est ?",IC signifie Insuffisance cardiaque. C'est un terme utilisé en Cardiovasculaire.,Insuffisance cardiaque,maladie,Cardiovasculaire,abbreviation,False
C'est quoi IC ?,IC signifie Insuffisance cardiaque. C'est un terme utilisé en Cardiovasculaire.,Insuffisance cardiaque,maladie,Cardiovasculaire,abbreviation,False
Signes de Insuffisance cardiaque ?,"Les symptômes de Insuffisance cardiaque peuvent varier selon les individus. Il est essentiel de consulter un professionnel de santé pour un diagnostic précis basé sur votre situation personnelle.

⚠️ Important : Seul un professionnel de santé qualifié peut établir un diagnostic. Cette information est fournie à titre éducatif uniquement.",Insuffisance cardiaque,maladie,Cardiovasculaire,symptomes,True
Symptômes typiques de Insuffisance cardiaque ?,"Les symptômes de Insuffisance cardiaque peuvent varier selon les individus. Il est essentiel de consulter un professionnel de santé pour un diagnostic précis basé sur votre situation personnelle.

⚠️ Important : Seul un professionnel de santé qualifié peut établir un diagnostic. Cette information est fournie à titre éducatif uniquement.",Insuffisance cardiaque,maladie,Cardiovasculaire,symptomes,True
Comment traiter Insuffisance cardiaque ?,"Le traitement de Insuffisance cardiaque doit être personnalisé selon chaque patient. Votre médecin déterminera la meilleure approche thérapeutique adaptée à votre situation.

⚠️ Important : Ne modifiez jamais votre traitement sans l'avis de votre médecin. Cette information est fournie à titre éducatif uniquement.",Insuffisance cardiaque,maladie,Cardiovasculaire,traitement,True
Quelles sont les causes de Insuffisance cardiaque ?,Les causes de Insuffisance cardiaque peuvent être multiples et varient d'une personne à l'autre. Une évaluation médicale permet d'identifier les facteurs spécifiques dans votre cas.,Insuffisance cardiaque,maladie,Cardiovasculaire,causes,False
Explique-moi Fibrillation auriculaire,Fibrillation auriculaire (FA) est une pathologie en Cardiovasculaire. Condition médicale caractérisée par fibrillation auriculaire nécessitant une prise en charge médicale.,Fibrillation auriculaire,maladie,Cardiovasculaire,definition,False
Peux-tu me dire ce qu'est Fibrillation auriculaire ?,Fibrillation auriculaire (FA) est une pathologie en Cardiovasculaire. Condition médicale caractérisée par fibrillation auriculaire nécessitant une prise en charge médicale.,Fibrillation auriculaire,maladie,Cardiovasculaire,definition,False
"Dans le contexte médical, que signifie Fibrillation auriculaire ?",Fibrillation auriculaire (FA) est une pathologie en Cardiovasculaire. Condition médicale caractérisée par fibrillation auriculaire nécessitant une prise en charge médicale.,Fibrillation auriculaire,maladie,Cardiovasculaire,definition,False
"J'ai vu FA sur mes analyses, c'est quoi ?",FA signifie Fibrillation auriculaire. C'est un terme utilisé en Cardiovasculaire.,Fibrillation auriculaire,maladie,Cardiovasculaire,abbreviation,False
Quelle est la signification de FA ?,FA signifie Fibrillation auriculaire. C'est un terme utilisé en Cardiovasculaire.,Fibrillation auriculaire,maladie,Cardiovasculaire,abbreviation,False
Comment savoir si j'ai Fibrillation auriculaire ?,"Les symptômes de Fibrillation auriculaire peuvent varier selon les individus. Il est essentiel de consulter un professionnel de santé pour un diagnostic précis basé sur votre situation personnelle.

⚠️ Important : Seul un professionnel de santé qualifié peut établir un diagnostic. Cette information est fournie à titre éducatif uniquement.",Fibrillation auriculaire,maladie,Cardiovasculaire,symptomes,True
Comment se manifeste Fibrillation auriculaire ?,"Les symptômes de Fibrillation auriculaire peuvent varier selon les individus. Il est essentiel de consulter un professionnel de santé pour un diagnostic précis basé sur votre situation personnelle.

⚠️ Important : Seul un professionnel de santé qualifié peut établir un diagnostic. Cette information est fournie à titre éducatif uniquement.",Fibrillation auriculaire,maladie,Cardiovasculaire,symptomes,True
Prise en charge de Fibrillation auriculaire ?,"Le traitement de Fibrillation auriculaire doit être personnalisé selon chaque patient. Votre médecin déterminera la meilleure approche thérapeutique adaptée à votre situation.

⚠️ Important : Ne modifiez jamais votre traitement sans l'avis de votre médecin. Cette information est fournie à titre éducatif uniquement.",Fibrillation auriculaire,maladie,Cardiovasculaire,traitement,True
Qu'est-ce qui provoque Fibrillation auriculaire ?,Les causes de Fibrillation auriculaire peuvent être multiples et varient d'une personne à l'autre. Une évaluation médicale permet d'identifier les facteurs spécifiques dans votre cas.,Fibrillation auriculaire,maladie,Cardiovasculaire,causes,False
"Dans le contexte médical, que signifie Accident vasculaire cérébral ?",Accident vasculaire cérébral (AVC) est une pathologie en Neurologique. Trouble neurologique courant ayant un impact significatif sur la qualité de vie.,Accident vasculaire cérébral,maladie,Neurologique,definition,False
"En médecine, qu'est-ce que Accident vasculaire cérébral ?",Accident vasculaire cérébral (AVC) est une pathologie en Neurologique. Trouble neurologique courant ayant un impact significatif sur la qualité de vie.,Accident vasculaire cérébral,maladie,Neurologique,definition,False
Explique-moi Accident vasculaire cérébral,Accident vasculaire cérébral (AVC) est une pathologie en Neurologique. Trouble neurologique courant ayant un impact significatif sur la qualité de vie.,Accident vasculaire cérébral,maladie,Neurologique,definition,False
Que signifie l'abréviation AVC ?,AVC signifie Accident vasculaire cérébral. C'est un terme utilisé en Neurologique.,Accident vasculaire cérébral,maladie,Neurologique,abbreviation,False
C'est quoi AVC ?,AVC signifie Accident vasculaire cérébral. C'est un terme utilisé en Neurologique.,Accident vasculaire cérébral,maladie,Neurologique,abbreviation,False
Manifestations de Accident vasculaire cérébral ?,"Les symptômes de Accident vasculaire cérébral peuvent varier selon les individus. Il est essentiel de consulter un professionnel de santé pour un diagnostic précis basé sur votre situation personnelle.

⚠️ Important : Seul un professionnel de santé qualifié peut établir un diagnostic. Cette information est fournie à titre éducatif uniquement.",Accident vasculaire cérébral,maladie,Neurologique,symptomes,True
Symptômes typiques de Accident vasculaire cérébral ?,"Les symptômes de Accident vasculaire cérébral peuvent varier selon les individus. Il est essentiel de consulter un professionnel de santé pour un diagnostic précis basé sur votre situation personnelle.

⚠️ Important : Seul un professionnel de santé qualifié peut établir un diagnostic. Cette information est fournie à titre éducatif uniquement.",Accident vasculaire cérébral,maladie,Neurologique,symptomes,True
Comment soigner Accident vasculaire cérébral ?,"Le traitement de Accident vasculaire cérébral doit être personnalisé selon chaque patient. Votre médecin déterminera la meilleure approche thérapeutique adaptée à votre situation.

⚠️ Important : Ne modifiez jamais votre traitement sans l'avis de votre médecin. Cette information est fournie à titre éducatif uniquement.",Accident vasculaire cérébral,maladie,Neurologique,traitement,True
Quelles sont les causes de Accident vasculaire cérébral ?,Les causes de Accident vasculaire cérébral peuvent être multiples et varient d'une personne à l'autre. Une évaluation médicale permet d'identifier les facteurs spécifiques dans votre cas.,Accident vasculaire cérébral,maladie,Neurologique,causes,False
Qu'est-ce que Migraine ?,Migraine est une pathologie en Neurologique. Condition de santé avec des critères diagnostiques spécifiques et des protocoles de traitement.,Migraine,maladie,Neurologique,definition,False
Aide-moi à comprendre Migraine,Migraine est une pathologie en Neurologique. Condition de santé avec des critères diagnostiques spécifiques et des protocoles de traitement.,Migraine,maladie,Neurologique,definition,False
Pourrais-tu expliquer Migraine ?,Migraine est une pathologie en Neurologique. Condition de santé avec des critères diagnostiques spécifiques et des protocoles de traitement.,Migraine,maladie,Neurologique,definition,False
Signes de Migraine ?,"Les symptômes de Migraine peuvent varier selon les individus. Il est essentiel de consulter un professionnel de santé pour un diagnostic précis basé sur votre situation personnelle.

⚠️ Important : Seul un professionnel de santé qualifié peut établir un diagnostic. Cette information est fournie à titre éducatif uniquement.",Migraine,maladie,Neurologique,symptomes,True
Comment savoir si j'ai Migraine ?,"Les symptômes de Migraine peuvent varier selon les individus. Il est essentiel de consulter un professionnel de santé pour un diagnostic précis basé sur votre situation personnelle.

⚠️ Important : Seul un professionnel de santé qualifié peut établir un diagnostic. Cette information est fournie à titre éducatif uniquement.",Migraine,maladie,Neurologique,symptomes,True
Comment soigner Migraine ?,"Le traitement de Migraine doit être personnalisé selon chaque patient. Votre médecin déterminera la meilleure approche thérapeutique adaptée à votre situation.

⚠️ Important : Ne modifiez jamais votre traitement sans l'avis de votre médecin. Cette information est fournie à titre éducatif uniquement.",Migraine,maladie,Neurologique,traitement,True
Pourquoi a-t-on Migraine ?,Les causes de Migraine peuvent être multiples et varient d'une personne à l'autre. Une évaluation médicale permet d'identifier les facteurs spécifiques dans votre cas.,Migraine,maladie,Neurologique,causes,False
"Je ne connais pas Syndrome de l'intestin irritable, peux-tu m'aider ?","Syndrome de l'intestin irritable (SII) est une pathologie en Gastro-intestinal. Trouble de santé chronique affectant plusieurs systèmes, traité par changements de mode de vie et médicaments.",Syndrome de l'intestin irritable,maladie,Gastro-intestinal,definition,False
"Syndrome de l'intestin irritable, qu'est-ce que c'est exactement ?","Syndrome de l'intestin irritable (SII) est une pathologie en Gastro-intestinal. Trouble de santé chronique affectant plusieurs systèmes, traité par changements de mode de vie et médicaments.",Syndrome de l'intestin irritable,maladie,Gastro-intestinal,definition,False
Peux-tu me dire ce qu'est Syndrome de l'intestin irritable ?,"Syndrome de l'intestin irritable (SII) est une pathologie en Gastro-intestinal. Trouble de santé chronique affectant plusieurs systèmes, traité par changements de mode de vie et médicaments.",Syndrome de l'intestin irritable,maladie,Gastro-intestinal,definition,False
Que signifie l'abréviation SII ?,SII signifie Syndrome de l'intestin irritable. C'est un terme utilisé en Gastro-intestinal.,Syndrome de l'intestin irritable,maladie,Gastro-intestinal,abbreviation,False
C'est quoi SII ?,SII signifie Syndrome de l'intestin irritable. C'est un terme utilisé en Gastro-intestinal.,Syndrome de l'intestin irritable,maladie,Gastro-intestinal,abbreviation,False
Comment se manifeste Syndrome de l'intestin irritable ?,"Les symptômes de Syndrome de l'intestin irritable peuvent varier selon les individus. Il est essentiel de consulter un professionnel de santé pour un diagnostic précis basé sur votre situation personnelle.

⚠️ Important : Seul un professionnel de santé qualifié peut établir un diagnostic. Cette information est fournie à titre éducatif uniquement.",Syndrome de l'intestin irritable,maladie,Gastro-intestinal,symptomes,True
Comment savoir si j'ai Syndrome de l'intestin irritable ?,"Les symptômes de Syndrome de l'intestin irritable peuvent varier selon les individus. Il est essentiel de consulter un professionnel de santé pour un diagnostic précis basé sur votre situation personnelle.

⚠️ Important : Seul un professionnel de santé qualifié peut établir un diagnostic. Cette information est fournie à titre éducatif uniquement.",Syndrome de l'intestin irritable,maladie,Gastro-intestinal,symptomes,True
Quel est le traitement pour Syndrome de l'intestin irritable ?,"Le traitement de Syndrome de l'intestin irritable doit être personnalisé selon chaque patient. Votre médecin déterminera la meilleure approche thérapeutique adaptée à votre situation.

⚠️ Important : Ne modifiez jamais votre traitement sans l'avis de votre médecin. Cette information est fournie à titre éducatif uniquement.",Syndrome de l'intestin irritable,maladie,Gastro-intestinal,traitement,True
Facteurs de risque de Syndrome de l'intestin irritable ?,Les causes de Syndrome de l'intestin irritable peuvent être multiples et varient d'une personne à l'autre. Une évaluation médicale permet d'identifier les facteurs spécifiques dans votre cas.,Syndrome de l'intestin irritable,maladie,Gastro-intestinal,causes,False
Peux-tu m'expliquer ce qu'est Maladie inflammatoire de l'intestin ?,Maladie inflammatoire de l'intestin (MII) est une pathologie en Gastro-intestinal. Condition de santé avec des critères diagnostiques spécifiques et des protocoles de traitement.,Maladie inflammatoire de l'intestin,maladie,Gastro-intestinal,definition,False
Qu'entend-on par Maladie inflammatoire de l'intestin ?,Maladie inflammatoire de l'intestin (MII) est une pathologie en Gastro-intestinal. Condition de santé avec des critères diagnostiques spécifiques et des protocoles de traitement.,Maladie inflammatoire de l'intestin,maladie,Gastro-intestinal,definition,False
J'aimerais savoir ce qu'est Maladie inflammatoire de l'intestin,Maladie inflammatoire de l'intestin (MII) est une pathologie en Gastro-intestinal. Condition de santé avec des critères diagnostiques spécifiques et des protocoles de traitement.,Maladie inflammatoire de l'intestin,maladie,Gastro-intestinal,definition,False
Qu'est-ce que MII signifie ?,MII signifie Maladie inflammatoire de l'intestin. C'est un terme utilisé en Gastro-intestinal.,Maladie inflammatoire de l'intestin,maladie,Gastro-intestinal,abbreviation,False
MII signifie quoi ?,MII signifie Maladie inflammatoire de l'intestin. C'est un terme utilisé en Gastro-intestinal.,Maladie inflammatoire de l'intestin,maladie,Gastro-intestinal,abbreviation,False
Manifestations de Maladie inflammatoire de l'intestin ?,"Les symptômes de Maladie inflammatoire de l'intestin peuvent varier selon les individus. Il est essentiel de consulter un professionnel de santé pour un diagnostic précis basé sur votre situation personnelle.

⚠️ Important : Seul un professionnel de santé qualifié peut établir un diagnostic. Cette information est fournie à titre éducatif uniquement.",Maladie inflammatoire de l'intestin,maladie,Gastro-intestinal,symptomes,True
Comment se manifeste Maladie inflammatoire de l'intestin ?,"Les symptômes de Maladie inflammatoire de l'intestin peuvent varier selon les individus. Il est essentiel de consulter un professionnel de santé pour un diagnostic précis basé sur votre situation personnelle.

⚠️ Important : Seul un professionnel de santé qualifié peut établir un diagnostic. Cette information est fournie à titre éducatif uniquement.",Maladie inflammatoire de l'intestin,maladie,Gastro-intestinal,symptomes,True
Comment traiter Maladie inflammatoire de l'intestin ?,"Le traitement de Maladie inflammatoire de l'intestin doit être personnalisé selon chaque patient. Votre médecin déterminera la meilleure approche thérapeutique adaptée à votre situation.

⚠️ Important : Ne modifiez jamais votre traitement sans l'avis de votre médecin. Cette information est fournie à titre éducatif uniquement.",Maladie inflammatoire de l'intestin,maladie,Gastro-intestinal,traitement,True
Qu'est-ce qui provoque Maladie inflammatoire de l'intestin ?,Les causes de Maladie inflammatoire de l'intestin peuvent être multiples et varient d'une personne à l'autre. Une évaluation médicale permet d'identifier les facteurs spécifiques dans votre cas.,Maladie inflammatoire de l'intestin,maladie,Gastro-intestinal,causes,False
Qu'entend-on par Reflux gastro-œsophagien ?,Reflux gastro-œsophagien (RGO) est une pathologie en Gastro-intestinal. Trouble gastro-intestinal courant ayant un impact significatif sur la qualité de vie.,Reflux gastro-œsophagien,maladie,Gastro-intestinal,definition,False
Peux-tu m'expliquer ce qu'est Reflux gastro-œsophagien ?,Reflux gastro-œsophagien (RGO) est une pathologie en Gastro-intestinal. Trouble gastro-intestinal courant ayant un impact significatif sur la qualité de vie.,Reflux gastro-œsophagien,maladie,Gastro-intestinal,definition,False
"Je ne connais pas Reflux gastro-œsophagien, peux-tu m'aider ?",Reflux gastro-œsophagien (RGO) est une pathologie en Gastro-intestinal. Trouble gastro-intestinal courant ayant un impact significatif sur la qualité de vie.,Reflux gastro-œsophagien,maladie,Gastro-intestinal,definition,False
RGO veut dire quoi ?,RGO signifie Reflux gastro-œsophagien. C'est un terme utilisé en Gastro-intestinal.,Reflux gastro-œsophagien,maladie,Gastro-intestinal,abbreviation,False
Quelle est la signification de RGO ?,RGO signifie Reflux gastro-œsophagien. C'est un terme utilisé en Gastro-intestinal.,Reflux gastro-œsophagien,maladie,Gastro-intestinal,abbreviation,False
Comment reconnaître Reflux gastro-œsophagien ?,"Les symptômes de Reflux gastro-œsophagien peuvent varier selon les individus. Il est essentiel de consulter un professionnel de santé pour un diagnostic précis basé sur votre situation personnelle.

⚠️ Important : Seul un professionnel de santé qualifié peut établir un diagnostic. Cette information est fournie à titre éducatif uniquement.",Reflux gastro-œsophagien,maladie,Gastro-intestinal,symptomes,True
Comment savoir si j'ai Reflux gastro-œsophagien ?,"Les symptômes de Reflux gastro-œsophagien peuvent varier selon les individus. Il est essentiel de consulter un professionnel de santé pour un diagnostic précis basé sur votre situation personnelle.

⚠️ Important : Seul un professionnel de santé qualifié peut établir un diagnostic. Cette information est fournie à titre éducatif uniquement.",Reflux gastro-œsophagien,maladie,Gastro-intestinal,symptomes,True
Comment traiter Reflux gastro-œsophagien ?,"Le traitement de Reflux gastro-œsophagien doit être personnalisé selon chaque patient. Votre médecin déterminera la meilleure approche thérapeutique adaptée à votre situation.

⚠️ Important : Ne modifiez jamais votre traitement sans l'avis de votre médecin. Cette information est fournie à titre éducatif uniquement.",Reflux gastro-œsophagien,maladie,Gastro-intestinal,traitement,True
Qu'est-ce qui provoque Reflux gastro-œsophagien ?,Les causes de Reflux gastro-œsophagien peuvent être multiples et varient d'une personne à l'autre. Une évaluation médicale permet d'identifier les facteurs spécifiques dans votre cas.,Reflux gastro-œsophagien,maladie,Gastro-intestinal,causes,False
"Insuffisance rénale chronique, qu'est-ce que c'est exactement ?",Insuffisance rénale chronique (IRC) est une pathologie en Rénal. Condition pathologique nécessitant une surveillance et un traitement continus.,Insuffisance rénale chronique,maladie,Rénal,definition,False
Explique-moi Insuffisance rénale chronique,Insuffisance rénale chronique (IRC) est une pathologie en Rénal. Condition pathologique nécessitant une surveillance et un traitement continus.,Insuffisance rénale chronique,maladie,Rénal,definition,False
"Je ne connais pas Insuffisance rénale chronique, peux-tu m'aider ?",Insuffisance rénale chronique (IRC) est une pathologie en Rénal. Condition pathologique nécessitant une surveillance et un traitement continus.,Insuffisance rénale chronique,maladie,Rénal,definition,False
Quelle est la signification de IRC ?,IRC signifie Insuffisance rénale chronique. C'est un terme utilisé en Rénal.,Insuffisance rénale chronique,maladie,Rénal,abbreviation,False
IRC signifie quoi ?,IRC signifie Insuffisance rénale chronique. C'est un terme utilisé en Rénal.,Insuffisance rénale chronique,maladie,Rénal,abbreviation,False
Signes de Insuffisance rénale chronique ?,"Les symptômes de Insuffisance rénale chronique peuvent varier selon les individus. Il est essentiel de consulter un professionnel de santé pour un diagnostic précis basé sur votre situation personnelle.

⚠️ Important : Seul un professionnel de santé qualifié peut établir un diagnostic. Cette information est fournie à titre éducatif uniquement.",Insuffisance rénale chronique,maladie,Rénal,symptomes,True
Comment reconnaître Insuffisance rénale chronique ?,"Les symptômes de Insuffisance rénale chronique peuvent varier selon les individus. Il est essentiel de consulter un professionnel de santé pour un diagnostic précis basé sur votre situation personnelle.

⚠️ Important : Seul un professionnel de santé qualifié peut établir un diagnostic. Cette information est fournie à titre éducatif uniquement.",Insuffisance rénale chronique,maladie,Rénal,symptomes,True
Comment traiter Insuffisance rénale chronique ?,"Le traitement de Insuffisance rénale chronique doit être personnalisé selon chaque patient. Votre médecin déterminera la meilleure approche thérapeutique adaptée à votre situation.

⚠️ Important : Ne modifiez jamais votre traitement sans l'avis de votre médecin. Cette information est fournie à titre éducatif uniquement.",Insuffisance rénale chronique,maladie,Rénal,traitement,True
Pourquoi a-t-on Insuffisance rénale chronique ?,Les causes de Insuffisance rénale chronique peuvent être multiples et varient d'une personne à l'autre. Une évaluation médicale permet d'identifier les facteurs spécifiques dans votre cas.,Insuffisance rénale chronique,maladie,Rénal,causes,False
Aide-moi à comprendre Infection urinaire,Infection urinaire (IU) est une pathologie en Infectieux. Condition de santé avec des critères diagnostiques spécifiques et des protocoles de traitement.,Infection urinaire,maladie,Infectieux,definition,False
"Infection urinaire, qu'est-ce que c'est exactement ?",Infection urinaire (IU) est une pathologie en Infectieux. Condition de santé avec des critères diagnostiques spécifiques et des protocoles de traitement.,Infection urinaire,maladie,Infectieux,definition,False
Pourrais-tu expliquer Infection urinaire ?,Infection urinaire (IU) est une pathologie en Infectieux. Condition de santé avec des critères diagnostiques spécifiques et des protocoles de traitement.,Infection urinaire,maladie,Infectieux,definition,False
"Mon médecin a parlé de IU, qu'est-ce que c'est ?",IU signifie Infection urinaire. C'est un terme utilisé en Infectieux.,Infection urinaire,maladie,Infectieux,abbreviation,False
Quelle est la signification de IU ?,IU signifie Infection urinaire. C'est un terme utilisé en Infectieux.,Infection urinaire,maladie,Infectieux,abbreviation,False
Quels sont les signes de Infection urinaire ?,"Les symptômes de Infection urinaire peuvent varier selon les individus. Il est essentiel de consulter un professionnel de santé pour un diagnostic précis basé sur votre situation personnelle.

⚠️ Important : Seul un professionnel de santé qualifié peut établir un diagnostic. Cette information est fournie à titre éducatif uniquement.",Infection urinaire,maladie,Infectieux,symptomes,True
Comment se manifeste Infection urinaire ?,"Les symptômes de Infection urinaire peuvent varier selon les individus. Il est essentiel de consulter un professionnel de santé pour un diagnostic précis basé sur votre situation personnelle.

⚠️ Important : Seul un professionnel de santé qualifié peut établir un diagnostic. Cette information est fournie à titre éducatif uniquement.",Infection urinaire,maladie,Infectieux,symptomes,True
Options thérapeutiques pour Infection urinaire ?,"Le traitement de Infection urinaire doit être personnalisé selon chaque patient. Votre médecin déterminera la meilleure approche thérapeutique adaptée à votre situation.

⚠️ Important : Ne modifiez jamais votre traitement sans l'avis de votre médecin. Cette information est fournie à titre éducatif uniquement.",Infection urinaire,maladie,Infectieux,traitement,True
Quelles sont les causes de Infection urinaire ?,Les causes de Infection urinaire peuvent être multiples et varient d'une personne à l'autre. Une évaluation médicale permet d'identifier les facteurs spécifiques dans votre cas.,Infection urinaire,maladie,Infectieux,causes,False
Pourrais-tu expliquer Numération formule sanguine ?,Numération formule sanguine (NFS) est une procédure médicale en Diagnostic. Procédure médicale diagnostic réalisée à des fins de diagnostic ou de traitement.,Numération formule sanguine,procedure,Diagnostic,definition,False
Peux-tu m'expliquer ce qu'est Numération formule sanguine ?,Numération formule sanguine (NFS) est une procédure médicale en Diagnostic. Procédure médicale diagnostic réalisée à des fins de diagnostic ou de traitement.,Numération formule sanguine,procedure,Diagnostic,definition,False
"Numération formule sanguine, qu'est-ce que c'est exactement ?",Numération formule sanguine (NFS) est une procédure médicale en Diagnostic. Procédure médicale diagnostic réalisée à des fins de diagnostic ou de traitement.,Numération formule sanguine,procedure,Diagnostic,definition,False
Peux-tu m'expliquer NFS ?,NFS signifie Numération formule sanguine. C'est un terme utilisé en Diagnostic.,Numération formule sanguine,procedure,Diagnostic,abbreviation,False
Quelle est la signification de NFS ?,NFS signifie Numération formule sanguine. C'est un terme utilisé en Diagnostic.,Numération formule sanguine,procedure,Diagnostic,abbreviation,False
Comment se déroule Numération formule sanguine ?,Numération formule sanguine est une procédure médicale Diagnostic. L'équipe médicale vous expliquera le déroulement détaillé avant l'intervention.,Numération formule sanguine,procedure,Diagnostic,procedure,False
"Je ne connais pas Scanner, peux-tu m'aider ?",Scanner (TDM) est une procédure médicale en Diagnostic. Procédure de soins de santé réalisée par des professionnels médicaux qualifiés.,Scanner,procedure,Diagnostic,definition,False
Qu'entend-on par Scanner ?,Scanner (TDM) est une procédure médicale en Diagnostic. Procédure de soins de santé réalisée par des professionnels médicaux qualifiés.,Scanner,procedure,Diagnostic,definition,False
Explique-moi Scanner,Scanner (TDM) est une procédure médicale en Diagnostic. Procédure de soins de santé réalisée par des professionnels médicaux qualifiés.,Scanner,procedure,Diagnostic,definition,False
Quelle est la signification de TDM ?,TDM signifie Scanner. C'est un terme utilisé en Diagnostic.,Scanner,procedure,Diagnostic,abbreviation,False
"Mon médecin a parlé de TDM, qu'est-ce que c'est ?",TDM signifie Scanner. C'est un terme utilisé en Diagnostic.,Scanner,procedure,Diagnostic,abbreviation,False
Comment se déroule Scanner ?,Scanner est une procédure médicale Diagnostic. L'équipe médicale vous expliquera le déroulement détaillé avant l'intervention.,Scanner,procedure,Diagnostic,procedure,False
Donne-moi la définition de Imagerie par résonance magnétique,Imagerie par résonance magnétique (IRM) est une procédure médicale en Diagnostic. Intervention clinique utilisée pour évaluer ou traiter des conditions médicales.,Imagerie par résonance magnétique,procedure,Diagnostic,definition,False
Pourrais-tu expliquer Imagerie par résonance magnétique ?,Imagerie par résonance magnétique (IRM) est une procédure médicale en Diagnostic. Intervention clinique utilisée pour évaluer ou traiter des conditions médicales.,Imagerie par résonance magnétique,procedure,Diagnostic,definition,False
Je voudrais comprendre ce qu'est Imagerie par résonance magnétique,Imagerie par résonance magnétique (IRM) est une procédure médicale en Diagnostic. Intervention clinique utilisée pour évaluer ou traiter des conditions médicales.,Imagerie par résonance magnétique,procedure,Diagnostic,definition,False
Explique IRM,IRM signifie Imagerie par résonance magnétique. C'est un terme utilisé en Diagnostic.,Imagerie par résonance magnétique,procedure,Diagnostic,abbreviation,False
C'est quoi IRM ?,IRM signifie Imagerie par résonance magnétique. C'est un terme utilisé en Diagnostic.,Imagerie par résonance magnétique,procedure,Diagnostic,abbreviation,False
En quoi consiste Imagerie par résonance magnétique ?,Imagerie par résonance magnétique est une procédure médicale Diagnostic. L'équipe médicale vous expliquera le déroulement détaillé avant l'intervention.,Imagerie par résonance magnétique,procedure,Diagnostic,procedure,False
Qu'entend-on par Électrocardiogramme ?,Électrocardiogramme (ECG) est une procédure médicale en Diagnostic. Procédure médicale diagnostic réalisée à des fins de diagnostic ou de traitement.,Électrocardiogramme,procedure,Diagnostic,definition,False
Pourrais-tu expliquer Électrocardiogramme ?,Électrocardiogramme (ECG) est une procédure médicale en Diagnostic. Procédure médicale diagnostic réalisée à des fins de diagnostic ou de traitement.,Électrocardiogramme,procedure,Diagnostic,definition,False
Aide-moi à comprendre Électrocardiogramme,Électrocardiogramme (ECG) est une procédure médicale en Diagnostic. Procédure médicale diagnostic réalisée à des fins de diagnostic ou de traitement.,Électrocardiogramme,procedure,Diagnostic,definition,False
Qu'est-ce que ECG signifie ?,ECG signifie Électrocardiogramme. C'est un terme utilisé en Diagnostic.,Électrocardiogramme,procedure,Diagnostic,abbreviation,False
ECG veut dire quoi ?,ECG signifie Électrocardiogramme. C'est un terme utilisé en Diagnostic.,Électrocardiogramme,procedure,Diagnostic,abbreviation,False
Comment se déroule Électrocardiogramme ?,Électrocardiogramme est une procédure médicale Diagnostic. L'équipe médicale vous expliquera le déroulement détaillé avant l'intervention.,Électrocardiogramme,procedure,Diagnostic,procedure,False
C'est quoi Coloscopie ?,Coloscopie est une procédure médicale en Diagnostic. Procédure médicale diagnostic réalisée à des fins de diagnostic ou de traitement.,Coloscopie,procedure,Diagnostic,definition,False
Peux-tu me dire ce qu'est Coloscopie ?,Coloscopie est une procédure médicale en Diagnostic. Procédure médicale diagnostic réalisée à des fins de diagnostic ou de traitement.,Coloscopie,procedure,Diagnostic,definition,False
Définis Coloscopie,Coloscopie est une procédure médicale en Diagnostic. Procédure médicale diagnostic réalisée à des fins de diagnostic ou de traitement.,Coloscopie,procedure,Diagnostic,definition,False
Déroulement de Coloscopie ?,Coloscopie est une procédure médicale Diagnostic. L'équipe médicale vous expliquera le déroulement détaillé avant l'intervention.,Coloscopie,procedure,Diagnostic,procedure,False
Peux-tu me dire ce qu'est Endoscopie ?,Endoscopie est une procédure médicale en Diagnostic. Procédure de soins de santé réalisée par des professionnels médicaux qualifiés.,Endoscopie,procedure,Diagnostic,definition,False
Peux-tu m'expliquer ce qu'est Endoscopie ?,Endoscopie est une procédure médicale en Diagnostic. Procédure de soins de santé réalisée par des professionnels médicaux qualifiés.,Endoscopie,procedure,Diagnostic,definition,False
"En médecine, qu'est-ce que Endoscopie ?",Endoscopie est une procédure médicale en Diagnostic. Procédure de soins de santé réalisée par des professionnels médicaux qualifiés.,Endoscopie,procedure,Diagnostic,definition,False
Déroulement de Endoscopie ?,Endoscopie est une procédure médicale Diagnostic. L'équipe médicale vous expliquera le déroulement détaillé avant l'intervention.,Endoscopie,procedure,Diagnostic,procedure,False
"Coronarographie, qu'est-ce que c'est exactement ?",Coronarographie est une procédure médicale en Diagnostic. Intervention clinique utilisée pour évaluer ou traiter des conditions médicales.,Coronarographie,procedure,Diagnostic,definition,False
Qu'entend-on par Coronarographie ?,Coronarographie est une procédure médicale en Diagnostic. Intervention clinique utilisée pour évaluer ou traiter des conditions médicales.,Coronarographie,procedure,Diagnostic,definition,False
"En médecine, qu'est-ce que Coronarographie ?",Coronarographie est une procédure médicale en Diagnostic. Intervention clinique utilisée pour évaluer ou traiter des conditions médicales.,Coronarographie,procedure,Diagnostic,definition,False
En quoi consiste Coronarographie ?,Coronarographie est une procédure médicale Diagnostic. L'équipe médicale vous expliquera le déroulement détaillé avant l'intervention.,Coronarographie,procedure,Diagnostic,procedure,False
"Biopsie, qu'est-ce que c'est exactement ?",Biopsie est une procédure médicale en Diagnostic. Procédure de soins de santé réalisée par des professionnels médicaux qualifiés.,Biopsie,procedure,Diagnostic,definition,False
C'est quoi Biopsie ?,Biopsie est une procédure médicale en Diagnostic. Procédure de soins de santé réalisée par des professionnels médicaux qualifiés.,Biopsie,procedure,Diagnostic,definition,False
Donne-moi la définition de Biopsie,Biopsie est une procédure médicale en Diagnostic. Procédure de soins de santé réalisée par des professionnels médicaux qualifiés.,Biopsie,procedure,Diagnostic,definition,False
Déroulement de Biopsie ?,Biopsie est une procédure médicale Diagnostic. L'équipe médicale vous expliquera le déroulement détaillé avant l'intervention.,Biopsie,procedure,Diagnostic,procedure,False
Donne-moi la définition de Kinésithérapie,Kinésithérapie (Kiné) est une procédure médicale en Rééducatif. Procédure médicale rééducatif réalisée à des fins de diagnostic ou de traitement.,Kinésithérapie,procedure,Rééducatif,definition,False
Peux-tu me dire ce qu'est Kinésithérapie ?,Kinésithérapie (Kiné) est une procédure médicale en Rééducatif. Procédure médicale rééducatif réalisée à des fins de diagnostic ou de traitement.,Kinésithérapie,procedure,Rééducatif,definition,False
Qu'est-ce que Kinésithérapie ?,Kinésithérapie (Kiné) est une procédure médicale en Rééducatif. Procédure médicale rééducatif réalisée à des fins de diagnostic ou de traitement.,Kinésithérapie,procedure,Rééducatif,definition,False
Que veut dire Kiné en médecine ?,Kiné signifie Kinésithérapie. C'est un terme utilisé en Rééducatif.,Kinésithérapie,procedure,Rééducatif,abbreviation,False
Que signifie l'abréviation Kiné ?,Kiné signifie Kinésithérapie. C'est un terme utilisé en Rééducatif.,Kinésithérapie,procedure,Rééducatif,abbreviation,False
Déroulement de Kinésithérapie ?,Kinésithérapie est une procédure médicale Rééducatif. L'équipe médicale vous expliquera le déroulement détaillé avant l'intervention.,Kinésithérapie,procedure,Rééducatif,procedure,False
Donne-moi la définition de Chimiothérapie,Chimiothérapie (Chimio) est une procédure médicale en Thérapeutique. Intervention clinique utilisée pour évaluer ou traiter des conditions médicales.,Chimiothérapie,procedure,Thérapeutique,definition,False
Qu'entend-on par Chimiothérapie ?,Chimiothérapie (Chimio) est une procédure médicale en Thérapeutique. Intervention clinique utilisée pour évaluer ou traiter des conditions médicales.,Chimiothérapie,procedure,Thérapeutique,definition,False
"Dans le contexte médical, que signifie Chimiothérapie ?",Chimiothérapie (Chimio) est une procédure médicale en Thérapeutique. Intervention clinique utilisée pour évaluer ou traiter des conditions médicales.,Chimiothérapie,procedure,Thérapeutique,definition,False
C'est quoi Chimio ?,Chimio signifie Chimiothérapie. C'est un terme utilisé en Thérapeutique.,Chimiothérapie,procedure,Thérapeutique,abbreviation,False
Chimio veut dire quoi ?,Chimio signifie Chimiothérapie. C'est un terme utilisé en Thérapeutique.,Chimiothérapie,procedure,Thérapeutique,abbreviation,False
Déroulement de Chimiothérapie ?,Chimiothérapie est une procédure médicale Thérapeutique. L'équipe médicale vous expliquera le déroulement détaillé avant l'intervention.,Chimiothérapie,procedure,Thérapeutique,procedure,False
Aide-moi à comprendre Radiothérapie,Radiothérapie (Radio) est une procédure médicale en Thérapeutique. Procédure médicale thérapeutique réalisée à des fins de diagnostic ou de traitement.,Radiothérapie,procedure,Thérapeutique,definition,False
C'est quoi Radiothérapie ?,Radiothérapie (Radio) est une procédure médicale en Thérapeutique. Procédure médicale thérapeutique réalisée à des fins de diagnostic ou de traitement.,Radiothérapie,procedure,Thérapeutique,definition,False
Qu'entend-on par Radiothérapie ?,Radiothérapie (Radio) est une procédure médicale en Thérapeutique. Procédure médicale thérapeutique réalisée à des fins de diagnostic ou de traitement.,Radiothérapie,procedure,Thérapeutique,definition,False
Explique Radio,Radio signifie Radiothérapie. C'est un terme utilisé en Thérapeutique.,Radiothérapie,procedure,Thérapeutique,abbreviation,False
Qu'est-ce que Radio signifie ?,Radio signifie Radiothérapie. C'est un terme utilisé en Thérapeutique.,Radiothérapie,procedure,Thérapeutique,abbreviation,False
En quoi consiste Radiothérapie ?,Radiothérapie est une procédure médicale Thérapeutique. L'équipe médicale vous expliquera le déroulement détaillé avant l'intervention.,Radiothérapie,procedure,Thérapeutique,procedure,False
"Vaccination, qu'est-ce que c'est exactement ?",Vaccination est une procédure médicale en Préventif. Procédure de soins de santé réalisée par des professionnels médicaux qualifiés.,Vaccination,procedure,Préventif,definition,False
Aide-moi à comprendre Vaccination,Vaccination est une procédure médicale en Préventif. Procédure de soins de santé réalisée par des professionnels médicaux qualifiés.,Vaccination,procedure,Préventif,definition,False
Donne-moi la définition de Vaccination,Vaccination est une procédure médicale en Préventif. Procédure de soins de santé réalisée par des professionnels médicaux qualifiés.,Vaccination,procedure,Préventif,definition,False
Déroulement de Vaccination ?,Vaccination est une procédure médicale Préventif. L'équipe médicale vous expliquera le déroulement détaillé avant l'intervention.,Vaccination,procedure,Préventif,procedure,False
J'aimerais savoir ce qu'est Appendicectomie,Appendicectomie est une procédure médicale en Chirurgical. Intervention clinique utilisée pour évaluer ou traiter des conditions médicales.,Appendicectomie,procedure,Chirurgical,definition,False
Explique-moi Appendicectomie,Appendicectomie est une procédure médicale en Chirurgical. Intervention clinique utilisée pour évaluer ou traiter des conditions médicales.,Appendicectomie,procedure,Chirurgical,definition,False
C'est quoi Appendicectomie ?,Appendicectomie est une procédure médicale en Chirurgical. Intervention clinique utilisée pour évaluer ou traiter des conditions médicales.,Appendicectomie,procedure,Chirurgical,definition,False
En quoi consiste Appendicectomie ?,Appendicectomie est une procédure médicale Chirurgical. L'équipe médicale vous expliquera le déroulement détaillé avant l'intervention.,Appendicectomie,procedure,Chirurgical,procedure,False
Pourrais-tu expliquer Cholécystectomie ?,Cholécystectomie est une procédure médicale en Chirurgical. Technique médicale chirurgical standard avec des protocoles établis.,Cholécystectomie,procedure,Chirurgical,definition,False
Je voudrais comprendre ce qu'est Cholécystectomie,Cholécystectomie est une procédure médicale en Chirurgical. Technique médicale chirurgical standard avec des protocoles établis.,Cholécystectomie,procedure,Chirurgical,definition,False
J'aimerais savoir ce qu'est Cholécystectomie,Cholécystectomie est une procédure médicale en Chirurgical. Technique médicale chirurgical standard avec des protocoles établis.,Cholécystectomie,procedure,Chirurgical,definition,False
Déroulement de Cholécystectomie ?,Cholécystectomie est une procédure médicale Chirurgical. L'équipe médicale vous expliquera le déroulement détaillé avant l'intervention.,Cholécystectomie,procedure,Chirurgical,procedure,False
J'aimerais savoir ce qu'est Cure de hernie,Cure de hernie est une procédure médicale en Chirurgical. Intervention clinique utilisée pour évaluer ou traiter des conditions médicales.,Cure de hernie,procedure,Chirurgical,definition,False
Pourrais-tu expliquer Cure de hernie ?,Cure de hernie est une procédure médicale en Chirurgical. Intervention clinique utilisée pour évaluer ou traiter des conditions médicales.,Cure de hernie,procedure,Chirurgical,definition,False
Peux-tu me dire ce qu'est Cure de hernie ?,Cure de hernie est une procédure médicale en Chirurgical. Intervention clinique utilisée pour évaluer ou traiter des conditions médicales.,Cure de hernie,procedure,Chirurgical,definition,False
Comment se déroule Cure de hernie ?,Cure de hernie est une procédure médicale Chirurgical. L'équipe médicale vous expliquera le déroulement détaillé avant l'intervention.,Cure de hernie,procedure,Chirurgical,procedure,False
J'aimerais savoir ce qu'est Cathétérisme cardiaque,Cathétérisme cardiaque est une procédure médicale en Diagnostic. Intervention clinique utilisée pour évaluer ou traiter des conditions médicales.,Cathétérisme cardiaque,procedure,Diagnostic,definition,False
"Dans le contexte médical, que signifie Cathétérisme cardiaque ?",Cathétérisme cardiaque est une procédure médicale en Diagnostic. Intervention clinique utilisée pour évaluer ou traiter des conditions médicales.,Cathétérisme cardiaque,procedure,Diagnostic,definition,False
C'est quoi Cathétérisme cardiaque ?,Cathétérisme cardiaque est une procédure médicale en Diagnostic. Intervention clinique utilisée pour évaluer ou traiter des conditions médicales.,Cathétérisme cardiaque,procedure,Diagnostic,definition,False
En quoi consiste Cathétérisme cardiaque ?,Cathétérisme cardiaque est une procédure médicale Diagnostic. L'équipe médicale vous expliquera le déroulement détaillé avant l'intervention.,Cathétérisme cardiaque,procedure,Diagnostic,procedure,False
Aide-moi à comprendre Dialyse,Dialyse est une procédure médicale en Thérapeutique. Procédure de soins de santé réalisée par des professionnels médicaux qualifiés.,Dialyse,procedure,Thérapeutique,definition,False
"Je ne connais pas Dialyse, peux-tu m'aider ?",Dialyse est une procédure médicale en Thérapeutique. Procédure de soins de santé réalisée par des professionnels médicaux qualifiés.,Dialyse,procedure,Thérapeutique,definition,False
Que signifie Dialyse ?,Dialyse est une procédure médicale en Thérapeutique. Procédure de soins de santé réalisée par des professionnels médicaux qualifiés.,Dialyse,procedure,Thérapeutique,definition,False
En quoi consiste Dialyse ?,Dialyse est une procédure médicale Thérapeutique. L'équipe médicale vous expliquera le déroulement détaillé avant l'intervention.,Dialyse,procedure,Thérapeutique,procedure,False
Donne-moi la définition de Transfusion sanguine,Transfusion sanguine est une procédure médicale en Thérapeutique. Intervention médicale diagnostique ou thérapeutique.,Transfusion sanguine,procedure,Thérapeutique,definition,False
"En médecine, qu'est-ce que Transfusion sanguine ?",Transfusion sanguine est une procédure médicale en Thérapeutique. Intervention médicale diagnostique ou thérapeutique.,Transfusion sanguine,procedure,Thérapeutique,definition,False
Pourrais-tu expliquer Transfusion sanguine ?,Transfusion sanguine est une procédure médicale en Thérapeutique. Intervention médicale diagnostique ou thérapeutique.,Transfusion sanguine,procedure,Thérapeutique,definition,False
Déroulement de Transfusion sanguine ?,Transfusion sanguine est une procédure médicale Thérapeutique. L'équipe médicale vous expliquera le déroulement détaillé avant l'intervention.,Transfusion sanguine,procedure,Thérapeutique,procedure,False
Je voudrais comprendre ce qu'est Bronchoscopie,Bronchoscopie est une procédure médicale en Diagnostic. Technique médicale diagnostic standard avec des protocoles établis.,Bronchoscopie,procedure,Diagnostic,definition,False
Définis Bronchoscopie,Bronchoscopie est une procédure médicale en Diagnostic. Technique médicale diagnostic standard avec des protocoles établis.,Bronchoscopie,procedure,Diagnostic,definition,False
Explique-moi Bronchoscopie,Bronchoscopie est une procédure médicale en Diagnostic. Technique médicale diagnostic standard avec des protocoles établis.,Bronchoscopie,procedure,Diagnostic,definition,False
Déroulement de Bronchoscopie ?,Bronchoscopie est une procédure médicale Diagnostic. L'équipe médicale vous expliquera le déroulement détaillé avant l'intervention.,Bronchoscopie,procedure,Diagnostic,procedure,False
Aide-moi à comprendre Ponction lombaire,Ponction lombaire (PL) est une procédure médicale en Diagnostic. Intervention clinique utilisée pour évaluer ou traiter des conditions médicales.,Ponction lombaire,procedure,Diagnostic,definition,False
Définis Ponction lombaire,Ponction lombaire (PL) est une procédure médicale en Diagnostic. Intervention clinique utilisée pour évaluer ou traiter des conditions médicales.,Ponction lombaire,procedure,Diagnostic,definition,False
"Ponction lombaire, qu'est-ce que c'est exactement ?",Ponction lombaire (PL) est une procédure médicale en Diagnostic. Intervention clinique utilisée pour évaluer ou traiter des conditions médicales.,Ponction lombaire,procedure,Diagnostic,definition,False
Quelle est la signification de PL ?,PL signifie Ponction lombaire. C'est un terme utilisé en Diagnostic.,Ponction lombaire,procedure,Diagnostic,abbreviation,False
Explique PL,PL signifie Ponction lombaire. C'est un terme utilisé en Diagnostic.,Ponction lombaire,procedure,Diagnostic,abbreviation,False
Comment se déroule Ponction lombaire ?,Ponction lombaire est une procédure médicale Diagnostic. L'équipe médicale vous expliquera le déroulement détaillé avant l'intervention.,Ponction lombaire,procedure,Diagnostic,procedure,False
Donne-moi la définition de Metformine,Metformine est un médicament en Antidiabétique. Médicament avec un profil d'efficacité et de sécurité établi.,Metformine,medicament,Antidiabétique,definition,False
Explique-moi Metformine,Metformine est un médicament en Antidiabétique. Médicament avec un profil d'efficacité et de sécurité établi.,Metformine,medicament,Antidiabétique,definition,False
Qu'est-ce que Metformine ?,Metformine est un médicament en Antidiabétique. Médicament avec un profil d'efficacité et de sécurité établi.,Metformine,medicament,Antidiabétique,definition,False
À quoi sert Metformine ?,"Metformine est un médicament de la classe Antidiabétique. Votre médecin déterminera si ce médicament est approprié pour votre situation.

⚠️ Important : Ne modifiez jamais votre traitement sans l'avis de votre médecin. Cette information est fournie à titre éducatif uniquement.",Metformine,medicament,Antidiabétique,usage_medicament,True
Que signifie Insuline ?,Insuline est un médicament en Antidiabétique. Médicament pharmaceutique utilisé pour traiter les conditions antidiabétique.,Insuline,medicament,Antidiabétique,definition,False
"En médecine, qu'est-ce que Insuline ?",Insuline est un médicament en Antidiabétique. Médicament pharmaceutique utilisé pour traiter les conditions antidiabétique.,Insuline,medicament,Antidiabétique,definition,False
J'aimerais savoir ce qu'est Insuline,Insuline est un médicament en Antidiabétique. Médicament pharmaceutique utilisé pour traiter les conditions antidiabétique.,Insuline,medicament,Antidiabétique,definition,False
À quoi sert Insuline ?,"Insuline est un médicament de la classe Antidiabétique. Votre médecin déterminera si ce médicament est approprié pour votre situation.

⚠️ Important : Ne modifiez jamais votre traitement sans l'avis de votre médecin. Cette information est fournie à titre éducatif uniquement.",Insuline,medicament,Antidiabétique,usage_medicament,True
"Je ne connais pas Lisinopril, peux-tu m'aider ?",Lisinopril est un médicament en Antihypertenseur. Médicament pharmaceutique utilisé pour traiter les conditions antihypertenseur.,Lisinopril,medicament,Antihypertenseur,definition,False
"Lisinopril, qu'est-ce que c'est exactement ?",Lisinopril est un médicament en Antihypertenseur. Médicament pharmaceutique utilisé pour traiter les conditions antihypertenseur.,Lisinopril,medicament,Antihypertenseur,definition,False
"Dans le contexte médical, que signifie Lisinopril ?",Lisinopril est un médicament en Antihypertenseur. Médicament pharmaceutique utilisé pour traiter les conditions antihypertenseur.,Lisinopril,medicament,Antihypertenseur,definition,False
Pourquoi prendre Lisinopril ?,"Lisinopril est un médicament de la classe Antihypertenseur. Votre médecin déterminera si ce médicament est approprié pour votre situation.

⚠️ Important : Ne modifiez jamais votre traitement sans l'avis de votre médecin. Cette information est fournie à titre éducatif uniquement.",Lisinopril,medicament,Antihypertenseur,usage_medicament,True
Pourrais-tu expliquer Amlodipine ?,Amlodipine est un médicament en Antihypertenseur. Traitement médicamenteux pour gérer les symptômes et la progression des conditions associées.,Amlodipine,medicament,Antihypertenseur,definition,False
"En médecine, qu'est-ce que Amlodipine ?",Amlodipine est un médicament en Antihypertenseur. Traitement médicamenteux pour gérer les symptômes et la progression des conditions associées.,Amlodipine,medicament,Antihypertenseur,definition,False
Donne-moi la définition de Amlodipine,Amlodipine est un médicament en Antihypertenseur. Traitement médicamenteux pour gérer les symptômes et la progression des conditions associées.,Amlodipine,medicament,Antihypertenseur,definition,False
Pourquoi prendre Amlodipine ?,"Amlodipine est un médicament de la classe Antihypertenseur. Votre médecin déterminera si ce médicament est approprié pour votre situation.

⚠️ Important : Ne modifiez jamais votre traitement sans l'avis de votre médecin. Cette information est fournie à titre éducatif uniquement.",Amlodipine,medicament,Antihypertenseur,usage_medicament,True
Explique-moi Atorvastatine,Atorvastatine est un médicament en Hypolipémiant. Traitement médicamenteux pour gérer les symptômes et la progression des conditions associées.,Atorvastatine,medicament,Hypolipémiant,definition,False
Qu'est-ce que Atorvastatine ?,Atorvastatine est un médicament en Hypolipémiant. Traitement médicamenteux pour gérer les symptômes et la progression des conditions associées.,Atorvastatine,medicament,Hypolipémiant,definition,False
"Je ne connais pas Atorvastatine, peux-tu m'aider ?",Atorvastatine est un médicament en Hypolipémiant. Traitement médicamenteux pour gérer les symptômes et la progression des conditions associées.,Atorvastatine,medicament,Hypolipémiant,definition,False
À quoi sert Atorvastatine ?,"Atorvastatine est un médicament de la classe Hypolipémiant. Votre médecin déterminera si ce médicament est approprié pour votre situation.

⚠️ Important : Ne modifiez jamais votre traitement sans l'avis de votre médecin. Cette information est fournie à titre éducatif uniquement.",Atorvastatine,medicament,Hypolipémiant,usage_medicament,True
"Aspirine, qu'est-ce que c'est exactement ?",Aspirine (AAS) est un médicament en Antiplaquettaire. Option de traitement pharmacologique dans la pratique clinique.,Aspirine,medicament,Antiplaquettaire,definition,False
Que signifie Aspirine ?,Aspirine (AAS) est un médicament en Antiplaquettaire. Option de traitement pharmacologique dans la pratique clinique.,Aspirine,medicament,Antiplaquettaire,definition,False
Définis Aspirine,Aspirine (AAS) est un médicament en Antiplaquettaire. Option de traitement pharmacologique dans la pratique clinique.,Aspirine,medicament,Antiplaquettaire,definition,False
Qu'est-ce que AAS signifie ?,AAS signifie Aspirine. C'est un terme utilisé en Antiplaquettaire.,Aspirine,medicament,Antiplaquettaire,abbreviation,False
Peux-tu m'expliquer AAS ?,AAS signifie Aspirine. C'est un terme utilisé en Antiplaquettaire.,Aspirine,medicament,Antiplaquettaire,abbreviation,False
À quoi sert Aspirine ?,"Aspirine est un médicament de la classe Antiplaquettaire. Votre médecin déterminera si ce médicament est approprié pour votre situation.

⚠️ Important : Ne modifiez jamais votre traitement sans l'avis de votre médecin. Cette information est fournie à titre éducatif uniquement.",Aspirine,medicament,Antiplaquettaire,usage_medicament,True
Que signifie Warfarine ?,Warfarine est un médicament en Anticoagulant. Médicament pharmaceutique utilisé pour traiter les conditions anticoagulant.,Warfarine,medicament,Anticoagulant,definition,False
C'est quoi Warfarine ?,Warfarine est un médicament en Anticoagulant. Médicament pharmaceutique utilisé pour traiter les conditions anticoagulant.,Warfarine,medicament,Anticoagulant,definition,False
"Dans le contexte médical, que signifie Warfarine ?",Warfarine est un médicament en Anticoagulant. Médicament pharmaceutique utilisé pour traiter les conditions anticoagulant.,Warfarine,medicament,Anticoagulant,definition,False
Pourquoi prendre Warfarine ?,"Warfarine est un médicament de la classe Anticoagulant. Votre médecin déterminera si ce médicament est approprié pour votre situation.

⚠️ Important : Ne modifiez jamais votre traitement sans l'avis de votre médecin. Cette information est fournie à titre éducatif uniquement.",Warfarine,medicament,Anticoagulant,usage_medicament,True
"Je ne connais pas Lévothyroxine, peux-tu m'aider ?",Lévothyroxine est un médicament en Endocrinien. Médicament couramment prescrit avec des indications thérapeutiques spécifiques.,Lévothyroxine,medicament,Endocrinien,definition,False
Aide-moi à comprendre Lévothyroxine,Lévothyroxine est un médicament en Endocrinien. Médicament couramment prescrit avec des indications thérapeutiques spécifiques.,Lévothyroxine,medicament,Endocrinien,definition,False
Pourrais-tu expliquer Lévothyroxine ?,Lévothyroxine est un médicament en Endocrinien. Médicament couramment prescrit avec des indications thérapeutiques spécifiques.,Lévothyroxine,medicament,Endocrinien,definition,False
Dans quels cas utilise-t-on Lévothyroxine ?,"Lévothyroxine est un médicament de la classe Endocrinien. Votre médecin déterminera si ce médicament est approprié pour votre situation.

⚠️ Important : Ne modifiez jamais votre traitement sans l'avis de votre médecin. Cette information est fournie à titre éducatif uniquement.",Lévothyroxine,medicament,Endocrinien,usage_medicament,True
"Dans le contexte médical, que signifie Salbutamol ?",Salbutamol est un médicament en Bronchodilatateur. Traitement médicamenteux pour gérer les symptômes et la progression des conditions associées.,Salbutamol,medicament,Bronchodilatateur,definition,False
"Salbutamol, qu'est-ce que c'est exactement ?",Salbutamol est un médicament en Bronchodilatateur. Traitement médicamenteux pour gérer les symptômes et la progression des conditions associées.,Salbutamol,medicament,Bronchodilatateur,definition,False
"En médecine, qu'est-ce que Salbutamol ?",Salbutamol est un médicament en Bronchodilatateur. Traitement médicamenteux pour gérer les symptômes et la progression des conditions associées.,Salbutamol,medicament,Bronchodilatateur,definition,False
Dans quels cas utilise-t-on Salbutamol ?,"Salbutamol est un médicament de la classe Bronchodilatateur. Votre médecin déterminera si ce médicament est approprié pour votre situation.

⚠️ Important : Ne modifiez jamais votre traitement sans l'avis de votre médecin. Cette information est fournie à titre éducatif uniquement.",Salbutamol,medicament,Bronchodilatateur,usage_medicament,True
Je voudrais comprendre ce qu'est Ibuprofène,Ibuprofène est un médicament en AINS. Traitement médicamenteux pour gérer les symptômes et la progression des conditions associées.,Ibuprofène,medicament,AINS,definition,False
"En médecine, qu'est-ce que Ibuprofène ?",Ibuprofène est un médicament en AINS. Traitement médicamenteux pour gérer les symptômes et la progression des conditions associées.,Ibuprofène,medicament,AINS,definition,False
Que signifie Ibuprofène ?,Ibuprofène est un médicament en AINS. Traitement médicamenteux pour gérer les symptômes et la progression des conditions associées.,Ibuprofène,medicament,AINS,definition,False
Indications de Ibuprofène ?,"Ibuprofène est un médicament de la classe AINS. Votre médecin déterminera si ce médicament est approprié pour votre situation.

⚠️ Important : Ne modifiez jamais votre traitement sans l'avis de votre médecin. Cette information est fournie à titre éducatif uniquement.",Ibuprofène,medicament,AINS,usage_medicament,True
Que signifie Oméprazole ?,Oméprazole est un médicament en IPP. Option de traitement pharmacologique dans la pratique clinique.,Oméprazole,medicament,IPP,definition,False
Peux-tu me dire ce qu'est Oméprazole ?,Oméprazole est un médicament en IPP. Option de traitement pharmacologique dans la pratique clinique.,Oméprazole,medicament,IPP,definition,False
Pourrais-tu expliquer Oméprazole ?,Oméprazole est un médicament en IPP. Option de traitement pharmacologique dans la pratique clinique.,Oméprazole,medicament,IPP,definition,False
Dans quels cas utilise-t-on Oméprazole ?,"Oméprazole est un médicament de la classe IPP. Votre médecin déterminera si ce médicament est approprié pour votre situation.

⚠️ Important : Ne modifiez jamais votre traitement sans l'avis de votre médecin. Cette information est fournie à titre éducatif uniquement.",Oméprazole,medicament,IPP,usage_medicament,True
Que signifie Fluoxétine ?,Fluoxétine est un médicament en ISRS. Médicament pharmaceutique utilisé pour traiter les conditions isrs.,Fluoxétine,medicament,ISRS,definition,False
Peux-tu me dire ce qu'est Fluoxétine ?,Fluoxétine est un médicament en ISRS. Médicament pharmaceutique utilisé pour traiter les conditions isrs.,Fluoxétine,medicament,ISRS,definition,False
"Dans le contexte médical, que signifie Fluoxétine ?",Fluoxétine est un médicament en ISRS. Médicament pharmaceutique utilisé pour traiter les conditions isrs.,Fluoxétine,medicament,ISRS,definition,False
À quoi sert Fluoxétine ?,"Fluoxétine est un médicament de la classe ISRS. Votre médecin déterminera si ce médicament est approprié pour votre situation.

⚠️ Important : Ne modifiez jamais votre traitement sans l'avis de votre médecin. Cette information est fournie à titre éducatif uniquement.",Fluoxétine,medicament,ISRS,usage_medicament,True
J'aimerais savoir ce qu'est Sertraline,Sertraline est un médicament en ISRS. Médicament pharmaceutique utilisé pour traiter les conditions isrs.,Sertraline,medicament,ISRS,definition,False
Que signifie Sertraline ?,Sertraline est un médicament en ISRS. Médicament pharmaceutique utilisé pour traiter les conditions isrs.,Sertraline,medicament,ISRS,definition,False
Explique-moi Sertraline,Sertraline est un médicament en ISRS. Médicament pharmaceutique utilisé pour traiter les conditions isrs.,Sertraline,medicament,ISRS,definition,False
Indications de Sertraline ?,"Sertraline est un médicament de la classe ISRS. Votre médecin déterminera si ce médicament est approprié pour votre situation.

⚠️ Important : Ne modifiez jamais votre traitement sans l'avis de votre médecin. Cette information est fournie à titre éducatif uniquement.",Sertraline,medicament,ISRS,usage_medicament,True
Aide-moi à comprendre Amoxicilline,Amoxicilline est un médicament en Antibiotique. Traitement médicamenteux pour gérer les symptômes et la progression des conditions associées.,Amoxicilline,medicament,Antibiotique,definition,False
Définis Amoxicilline,Amoxicilline est un médicament en Antibiotique. Traitement médicamenteux pour gérer les symptômes et la progression des conditions associées.,Amoxicilline,medicament,Antibiotique,definition,False
"En médecine, qu'est-ce que Amoxicilline ?",Amoxicilline est un médicament en Antibiotique. Traitement médicamenteux pour gérer les symptômes et la progression des conditions associées.,Amoxicilline,medicament,Antibiotique,definition,False
Pourquoi prendre Amoxicilline ?,"Amoxicilline est un médicament de la classe Antibiotique. Votre médecin déterminera si ce médicament est approprié pour votre situation.

⚠️ Important : Ne modifiez jamais votre traitement sans l'avis de votre médecin. Cette information est fournie à titre éducatif uniquement.",Amoxicilline,medicament,Antibiotique,usage_medicament,True
Que signifie Azithromycine ?,Azithromycine est un médicament en Antibiotique. Option de traitement pharmacologique dans la pratique clinique.,Azithromycine,medicament,Antibiotique,definition,False
Pourrais-tu expliquer Azithromycine ?,Azithromycine est un médicament en Antibiotique. Option de traitement pharmacologique dans la pratique clinique.,Azithromycine,medicament,Antibiotique,definition,False
Qu'entend-on par Azithromycine ?,Azithromycine est un médicament en Antibiotique. Option de traitement pharmacologique dans la pratique clinique.,Azithromycine,medicament,Antibiotique,definition,False
Pourquoi prendre Azithromycine ?,"Azithromycine est un médicament de la classe Antibiotique. Votre médecin déterminera si ce médicament est approprié pour votre situation.

⚠️ Important : Ne modifiez jamais votre traitement sans l'avis de votre médecin. Cette information est fournie à titre éducatif uniquement.",Azithromycine,medicament,Antibiotique,usage_medicament,True
Donne-moi la définition de Métoprolol,Métoprolol est un médicament en Bêta-bloquant. Médicament couramment prescrit avec des indications thérapeutiques spécifiques.,Métoprolol,medicament,Bêta-bloquant,definition,False
Définis Métoprolol,Métoprolol est un médicament en Bêta-bloquant. Médicament couramment prescrit avec des indications thérapeutiques spécifiques.,Métoprolol,medicament,Bêta-bloquant,definition,False
"Dans le contexte médical, que signifie Métoprolol ?",Métoprolol est un médicament en Bêta-bloquant. Médicament couramment prescrit avec des indications thérapeutiques spécifiques.,Métoprolol,medicament,Bêta-bloquant,definition,False
Dans quels cas utilise-t-on Métoprolol ?,"Métoprolol est un médicament de la classe Bêta-bloquant. Votre médecin déterminera si ce médicament est approprié pour votre situation.

⚠️ Important : Ne modifiez jamais votre traitement sans l'avis de votre médecin. Cette information est fournie à titre éducatif uniquement.",Métoprolol,medicament,Bêta-bloquant,usage_medicament,True
Aide-moi à comprendre Furosémide,Furosémide est un médicament en Diurétique. Médicament avec un profil d'efficacité et de sécurité établi.,Furosémide,medicament,Diurétique,definition,False
"Je ne connais pas Furosémide, peux-tu m'aider ?",Furosémide est un médicament en Diurétique. Médicament avec un profil d'efficacité et de sécurité établi.,Furosémide,medicament,Diurétique,definition,False
Donne-moi la définition de Furosémide,Furosémide est un médicament en Diurétique. Médicament avec un profil d'efficacité et de sécurité établi.,Furosémide,medicament,Diurétique,definition,False
À quoi sert Furosémide ?,"Furosémide est un médicament de la classe Diurétique. Votre médecin déterminera si ce médicament est approprié pour votre situation.

⚠️ Important : Ne modifiez jamais votre traitement sans l'avis de votre médecin. Cette information est fournie à titre éducatif uniquement.",Furosémide,medicament,Diurétique,usage_medicament,True
Donne-moi la définition de Hydrochlorothiazide,Hydrochlorothiazide (HCTZ) est un médicament en Diurétique. Traitement médicamenteux pour gérer les symptômes et la progression des conditions associées.,Hydrochlorothiazide,medicament,Diurétique,definition,False
"Hydrochlorothiazide, qu'est-ce que c'est exactement ?",Hydrochlorothiazide (HCTZ) est un médicament en Diurétique. Traitement médicamenteux pour gérer les symptômes et la progression des conditions associées.,Hydrochlorothiazide,medicament,Diurétique,definition,False
"Dans le contexte médical, que signifie Hydrochlorothiazide ?",Hydrochlorothiazide (HCTZ) est un médicament en Diurétique. Traitement médicamenteux pour gérer les symptômes et la progression des conditions associées.,Hydrochlorothiazide,medicament,Diurétique,definition,False
"J'ai vu HCTZ sur mes analyses, c'est quoi ?",HCTZ signifie Hydrochlorothiazide. C'est un terme utilisé en Diurétique.,Hydrochlorothiazide,medicament,Diurétique,abbreviation,False
Que signifie l'abréviation HCTZ ?,HCTZ signifie Hydrochlorothiazide. C'est un terme utilisé en Diurétique.,Hydrochlorothiazide,medicament,Diurétique,abbreviation,False
Dans quels cas utilise-t-on Hydrochlorothiazide ?,"Hydrochlorothiazide est un médicament de la classe Diurétique. Votre médecin déterminera si ce médicament est approprié pour votre situation.

⚠️ Important : Ne modifiez jamais votre traitement sans l'avis de votre médecin. Cette information est fournie à titre éducatif uniquement.",Hydrochlorothiazide,medicament,Diurétique,usage_medicament,True
"En médecine, qu'est-ce que Prednisone ?",Prednisone est un médicament en Corticoïde. Médicament pharmaceutique utilisé pour traiter les conditions corticoïde.,Prednisone,medicament,Corticoïde,definition,False
Qu'est-ce que Prednisone ?,Prednisone est un médicament en Corticoïde. Médicament pharmaceutique utilisé pour traiter les conditions corticoïde.,Prednisone,medicament,Corticoïde,definition,False
Je voudrais comprendre ce qu'est Prednisone,Prednisone est un médicament en Corticoïde. Médicament pharmaceutique utilisé pour traiter les conditions corticoïde.,Prednisone,medicament,Corticoïde,definition,False
Indications de Prednisone ?,"Prednisone est un médicament de la classe Corticoïde. Votre médecin déterminera si ce médicament est approprié pour votre situation.

⚠️ Important : Ne modifiez jamais votre traitement sans l'avis de votre médecin. Cette information est fournie à titre éducatif uniquement.",Prednisone,medicament,Corticoïde,usage_medicament,True
Pourrais-tu expliquer Clopidogrel ?,Clopidogrel est un médicament en Antiplaquettaire. Option de traitement pharmacologique dans la pratique clinique.,Clopidogrel,medicament,Antiplaquettaire,definition,False
"Clopidogrel, qu'est-ce que c'est exactement ?",Clopidogrel est un médicament en Antiplaquettaire. Option de traitement pharmacologique dans la pratique clinique.,Clopidogrel,medicament,Antiplaquettaire,definition,False
Peux-tu me dire ce qu'est Clopidogrel ?,Clopidogrel est un médicament en Antiplaquettaire. Option de traitement pharmacologique dans la pratique clinique.,Clopidogrel,medicament,Antiplaquettaire,definition,False
Pourquoi prendre Clopidogrel ?,"Clopidogrel est un médicament de la classe Antiplaquettaire. Votre médecin déterminera si ce médicament est approprié pour votre situation.

⚠️ Important : Ne modifiez jamais votre traitement sans l'avis de votre médecin. Cette information est fournie à titre éducatif uniquement.",Clopidogrel,medicament,Antiplaquettaire,usage_medicament,True
"En médecine, qu'est-ce que Céphalée ?",Céphalée est un symptôme en Aigu. Symptôme pouvant indiquer des conditions médicales sous-jacentes.,Céphalée,symptome,Aigu,definition,False
Que signifie Céphalée ?,Céphalée est un symptôme en Aigu. Symptôme pouvant indiquer des conditions médicales sous-jacentes.,Céphalée,symptome,Aigu,definition,False
Explique-moi Céphalée,Céphalée est un symptôme en Aigu. Symptôme pouvant indiquer des conditions médicales sous-jacentes.,Céphalée,symptome,Aigu,definition,False
Thérapie pour Céphalée ?,"Le traitement de Céphalée doit être personnalisé selon chaque patient. Votre médecin déterminera la meilleure approche thérapeutique adaptée à votre situation.

⚠️ Important : Ne modifiez jamais votre traitement sans l'avis de votre médecin. Cette information est fournie à titre éducatif uniquement.",Céphalée,symptome,Aigu,traitement,True
"En médecine, qu'est-ce que Fièvre ?",Fièvre est un symptôme en Aigu. Expérience rapportée par le patient nécessitant une évaluation médicale.,Fièvre,symptome,Aigu,definition,False
Qu'est-ce que Fièvre ?,Fièvre est un symptôme en Aigu. Expérience rapportée par le patient nécessitant une évaluation médicale.,Fièvre,symptome,Aigu,definition,False
Donne-moi la définition de Fièvre,Fièvre est un symptôme en Aigu. Expérience rapportée par le patient nécessitant une évaluation médicale.,Fièvre,symptome,Aigu,definition,False
Comment soigner Fièvre ?,"Le traitement de Fièvre doit être personnalisé selon chaque patient. Votre médecin déterminera la meilleure approche thérapeutique adaptée à votre situation.

⚠️ Important : Ne modifiez jamais votre traitement sans l'avis de votre médecin. Cette information est fournie à titre éducatif uniquement.",Fièvre,symptome,Aigu,traitement,True
Pourrais-tu expliquer Fatigue ?,Fatigue est un symptôme en Chronique. Manifestation clinique courante rapportée par les patients.,Fatigue,symptome,Chronique,definition,False
Je voudrais comprendre ce qu'est Fatigue,Fatigue est un symptôme en Chronique. Manifestation clinique courante rapportée par les patients.,Fatigue,symptome,Chronique,definition,False
"Fatigue, qu'est-ce que c'est exactement ?",Fatigue est un symptôme en Chronique. Manifestation clinique courante rapportée par les patients.,Fatigue,symptome,Chronique,definition,False
Thérapie pour Fatigue ?,"Le traitement de Fatigue doit être personnalisé selon chaque patient. Votre médecin déterminera la meilleure approche thérapeutique adaptée à votre situation.

⚠️ Important : Ne modifiez jamais votre traitement sans l'avis de votre médecin. Cette information est fournie à titre éducatif uniquement.",Fatigue,symptome,Chronique,traitement,True
Explique-moi Dyspnée,Dyspnée est un symptôme en Aigu. Signe clinique qui guide les investigations diagnostiques.,Dyspnée,symptome,Aigu,definition,False
Qu'est-ce que Dyspnée ?,Dyspnée est un symptôme en Aigu. Signe clinique qui guide les investigations diagnostiques.,Dyspnée,symptome,Aigu,definition,False
"Je ne connais pas Dyspnée, peux-tu m'aider ?",Dyspnée est un symptôme en Aigu. Signe clinique qui guide les investigations diagnostiques.,Dyspnée,symptome,Aigu,definition,False
Thérapie pour Dyspnée ?,"Le traitement de Dyspnée doit être personnalisé selon chaque patient. Votre médecin déterminera la meilleure approche thérapeutique adaptée à votre situation.

⚠️ Important : Ne modifiez jamais votre traitement sans l'avis de votre médecin. Cette information est fournie à titre éducatif uniquement.",Dyspnée,symptome,Aigu,traitement,True
Qu'est-ce que Douleur thoracique ?,Douleur thoracique est un symptôme en Aigu. Symptôme pouvant indiquer des conditions médicales sous-jacentes.,Douleur thoracique,symptome,Aigu,definition,False
Définis Douleur thoracique,Douleur thoracique est un symptôme en Aigu. Symptôme pouvant indiquer des conditions médicales sous-jacentes.,Douleur thoracique,symptome,Aigu,definition,False
Aide-moi à comprendre Douleur thoracique,Douleur thoracique est un symptôme en Aigu. Symptôme pouvant indiquer des conditions médicales sous-jacentes.,Douleur thoracique,symptome,Aigu,definition,False
Thérapie pour Douleur thoracique ?,"Le traitement de Douleur thoracique doit être personnalisé selon chaque patient. Votre médecin déterminera la meilleure approche thérapeutique adaptée à votre situation.

⚠️ Important : Ne modifiez jamais votre traitement sans l'avis de votre médecin. Cette information est fournie à titre éducatif uniquement.",Douleur thoracique,symptome,Aigu,traitement,True
Explique-moi Nausée,Nausée est un symptôme en Aigu. Expérience rapportée par le patient nécessitant une évaluation médicale.,Nausée,symptome,Aigu,definition,False
"Je ne connais pas Nausée, peux-tu m'aider ?",Nausée est un symptôme en Aigu. Expérience rapportée par le patient nécessitant une évaluation médicale.,Nausée,symptome,Aigu,definition,False
Définis Nausée,Nausée est un symptôme en Aigu. Expérience rapportée par le patient nécessitant une évaluation médicale.,Nausée,symptome,Aigu,definition,False
Comment traiter Nausée ?,"Le traitement de Nausée doit être personnalisé selon chaque patient. Votre médecin déterminera la meilleure approche thérapeutique adaptée à votre situation.

⚠️ Important : Ne modifiez jamais votre traitement sans l'avis de votre médecin. Cette information est fournie à titre éducatif uniquement.",Nausée,symptome,Aigu,traitement,True
Peux-tu me dire ce qu'est Vertige ?,Vertige est un symptôme en Aigu. Manifestation clinique courante rapportée par les patients.,Vertige,symptome,Aigu,definition,False
Pourrais-tu expliquer Vertige ?,Vertige est un symptôme en Aigu. Manifestation clinique courante rapportée par les patients.,Vertige,symptome,Aigu,definition,False
Je voudrais comprendre ce qu'est Vertige,Vertige est un symptôme en Aigu. Manifestation clinique courante rapportée par les patients.,Vertige,symptome,Aigu,definition,False
Quel est le traitement pour Vertige ?,"Le traitement de Vertige doit être personnalisé selon chaque patient. Votre médecin déterminera la meilleure approche thérapeutique adaptée à votre situation.

⚠️ Important : Ne modifiez jamais votre traitement sans l'avis de votre médecin. Cette information est fournie à titre éducatif uniquement.",Vertige,symptome,Aigu,traitement,True
"Je ne connais pas Toux, peux-tu m'aider ?",Toux est un symptôme en Chronique. Manifestation clinique courante rapportée par les patients.,Toux,symptome,Chronique,definition,False
Aide-moi à comprendre Toux,Toux est un symptôme en Chronique. Manifestation clinique courante rapportée par les patients.,Toux,symptome,Chronique,definition,False
Je voudrais comprendre ce qu'est Toux,Toux est un symptôme en Chronique. Manifestation clinique courante rapportée par les patients.,Toux,symptome,Chronique,definition,False
Options thérapeutiques pour Toux ?,"Le traitement de Toux doit être personnalisé selon chaque patient. Votre médecin déterminera la meilleure approche thérapeutique adaptée à votre situation.

⚠️ Important : Ne modifiez jamais votre traitement sans l'avis de votre médecin. Cette information est fournie à titre éducatif uniquement.",Toux,symptome,Chronique,traitement,True
Pourrais-tu expliquer Douleur articulaire ?,Douleur articulaire (Arthralgie) est un symptôme en Chronique. Signe clinique qui guide les investigations diagnostiques.,Douleur articulaire,symptome,Chronique,definition,False
Peux-tu me dire ce qu'est Douleur articulaire ?,Douleur articulaire (Arthralgie) est un symptôme en Chronique. Signe clinique qui guide les investigations diagnostiques.,Douleur articulaire,symptome,Chronique,definition,False
"Dans le contexte médical, que signifie Douleur articulaire ?",Douleur articulaire (Arthralgie) est un symptôme en Chronique. Signe clinique qui guide les investigations diagnostiques.,Douleur articulaire,symptome,Chronique,definition,False
Que veut dire Arthralgie en médecine ?,Arthralgie signifie Douleur articulaire. C'est un terme utilisé en Chronique.,Douleur articulaire,symptome,Chronique,abbreviation,False
Explique Arthralgie,Arthralgie signifie Douleur articulaire. C'est un terme utilisé en Chronique.,Douleur articulaire,symptome,Chronique,abbreviation,False
Options thérapeutiques pour Douleur articulaire ?,"Le traitement de Douleur articulaire doit être personnalisé selon chaque patient. Votre médecin déterminera la meilleure approche thérapeutique adaptée à votre situation.

⚠️ Important : Ne modifiez jamais votre traitement sans l'avis de votre médecin. Cette information est fournie à titre éducatif uniquement.",Douleur articulaire,symptome,Chronique,traitement,True
Définis Lombalgie,Lombalgie est un symptôme en Chronique. Expérience rapportée par le patient nécessitant une évaluation médicale.,Lombalgie,symptome,Chronique,definition,False
"En médecine, qu'est-ce que Lombalgie ?",Lombalgie est un symptôme en Chronique. Expérience rapportée par le patient nécessitant une évaluation médicale.,Lombalgie,symptome,Chronique,definition,False
Qu'est-ce que Lombalgie ?,Lombalgie est un symptôme en Chronique. Expérience rapportée par le patient nécessitant une évaluation médicale.,Lombalgie,symptome,Chronique,definition,False
Prise en charge de Lombalgie ?,"Le traitement de Lombalgie doit être personnalisé selon chaque patient. Votre médecin déterminera la meilleure approche thérapeutique adaptée à votre situation.

⚠️ Important : Ne modifiez jamais votre traitement sans l'avis de votre médecin. Cette information est fournie à titre éducatif uniquement.",Lombalgie,symptome,Chronique,traitement,True
Peux-tu m'expliquer ce qu'est Douleur abdominale ?,Douleur abdominale est un symptôme en Aigu. Expérience rapportée par le patient nécessitant une évaluation médicale.,Douleur abdominale,symptome,Aigu,definition,False
Qu'entend-on par Douleur abdominale ?,Douleur abdominale est un symptôme en Aigu. Expérience rapportée par le patient nécessitant une évaluation médicale.,Douleur abdominale,symptome,Aigu,definition,False
C'est quoi Douleur abdominale ?,Douleur abdominale est un symptôme en Aigu. Expérience rapportée par le patient nécessitant une évaluation médicale.,Douleur abdominale,symptome,Aigu,definition,False
Prise en charge de Douleur abdominale ?,"Le traitement de Douleur abdominale doit être personnalisé selon chaque patient. Votre médecin déterminera la meilleure approche thérapeutique adaptée à votre situation.

⚠️ Important : Ne modifiez jamais votre traitement sans l'avis de votre médecin. Cette information est fournie à titre éducatif uniquement.",Douleur abdominale,symptome,Aigu,traitement,True
Définis Palpitations,Palpitations est un symptôme en Aigu. Expérience rapportée par le patient nécessitant une évaluation médicale.,Palpitations,symptome,Aigu,definition,False
Peux-tu m'expliquer ce qu'est Palpitations ?,Palpitations est un symptôme en Aigu. Expérience rapportée par le patient nécessitant une évaluation médicale.,Palpitations,symptome,Aigu,definition,False
Pourrais-tu expliquer Palpitations ?,Palpitations est un symptôme en Aigu. Expérience rapportée par le patient nécessitant une évaluation médicale.,Palpitations,symptome,Aigu,definition,False
Comment traiter Palpitations ?,"Le traitement de Palpitations doit être personnalisé selon chaque patient. Votre médecin déterminera la meilleure approche thérapeutique adaptée à votre situation.

⚠️ Important : Ne modifiez jamais votre traitement sans l'avis de votre médecin. Cette information est fournie à titre éducatif uniquement.",Palpitations,symptome,Aigu,traitement,True
Que signifie Éruption cutanée ?,Éruption cutanée est un symptôme en Localisé. Motif courant de consultation médicale.,Éruption cutanée,symptome,Localisé,definition,False
Donne-moi la définition de Éruption cutanée,Éruption cutanée est un symptôme en Localisé. Motif courant de consultation médicale.,Éruption cutanée,symptome,Localisé,definition,False
"Éruption cutanée, qu'est-ce que c'est exactement ?",Éruption cutanée est un symptôme en Localisé. Motif courant de consultation médicale.,Éruption cutanée,symptome,Localisé,definition,False
Comment traiter Éruption cutanée ?,"Le traitement de Éruption cutanée doit être personnalisé selon chaque patient. Votre médecin déterminera la meilleure approche thérapeutique adaptée à votre situation.

⚠️ Important : Ne modifiez jamais votre traitement sans l'avis de votre médecin. Cette information est fournie à titre éducatif uniquement.",Éruption cutanée,symptome,Localisé,traitement,True
Explique-moi Faiblesse,Faiblesse est un symptôme en Systémique. Motif courant de consultation médicale.,Faiblesse,symptome,Systémique,definition,False
Que signifie Faiblesse ?,Faiblesse est un symptôme en Systémique. Motif courant de consultation médicale.,Faiblesse,symptome,Systémique,definition,False
Définis Faiblesse,Faiblesse est un symptôme en Systémique. Motif courant de consultation médicale.,Faiblesse,symptome,Systémique,definition,False
Thérapie pour Faiblesse ?,"Le traitement de Faiblesse doit être personnalisé selon chaque patient. Votre médecin déterminera la meilleure approche thérapeutique adaptée à votre situation.

⚠️ Important : Ne modifiez jamais votre traitement sans l'avis de votre médecin. Cette information est fournie à titre éducatif uniquement.",Faiblesse,symptome,Systémique,traitement,True
C'est quoi Constipation ?,Constipation est un symptôme en Chronique. Expérience rapportée par le patient nécessitant une évaluation médicale.,Constipation,symptome,Chronique,definition,False
Donne-moi la définition de Constipation,Constipation est un symptôme en Chronique. Expérience rapportée par le patient nécessitant une évaluation médicale.,Constipation,symptome,Chronique,definition,False
Que signifie Constipation ?,Constipation est un symptôme en Chronique. Expérience rapportée par le patient nécessitant une évaluation médicale.,Constipation,symptome,Chronique,definition,False
Prise en charge de Constipation ?,"Le traitement de Constipation doit être personnalisé selon chaque patient. Votre médecin déterminera la meilleure approche thérapeutique adaptée à votre situation.

⚠️ Important : Ne modifiez jamais votre traitement sans l'avis de votre médecin. Cette information est fournie à titre éducatif uniquement.",Constipation,symptome,Chronique,traitement,True
Peux-tu me dire ce qu'est Diarrhée ?,Diarrhée est un symptôme en Aigu. Signe clinique qui guide les investigations diagnostiques.,Diarrhée,symptome,Aigu,definition,False
Qu'entend-on par Diarrhée ?,Diarrhée est un symptôme en Aigu. Signe clinique qui guide les investigations diagnostiques.,Diarrhée,symptome,Aigu,definition,False
Définis Diarrhée,Diarrhée est un symptôme en Aigu. Signe clinique qui guide les investigations diagnostiques.,Diarrhée,symptome,Aigu,definition,False
Quel traitement pour Diarrhée ?,"Le traitement de Diarrhée doit être personnalisé selon chaque patient. Votre médecin déterminera la meilleure approche thérapeutique adaptée à votre situation.

⚠️ Important : Ne modifiez jamais votre traitement sans l'avis de votre médecin. Cette information est fournie à titre éducatif uniquement.",Diarrhée,symptome,Aigu,traitement,True
C'est quoi Vision floue ?,Vision floue est un symptôme en Aigu. Manifestation clinique courante rapportée par les patients.,Vision floue,symptome,Aigu,definition,False
Je voudrais comprendre ce qu'est Vision floue,Vision floue est un symptôme en Aigu. Manifestation clinique courante rapportée par les patients.,Vision floue,symptome,Aigu,definition,False
Explique-moi Vision floue,Vision floue est un symptôme en Aigu. Manifestation clinique courante rapportée par les patients.,Vision floue,symptome,Aigu,definition,False
Comment traiter Vision floue ?,"Le traitement de Vision floue doit être personnalisé selon chaque patient. Votre médecin déterminera la meilleure approche thérapeutique adaptée à votre situation.

⚠️ Important : Ne modifiez jamais votre traitement sans l'avis de votre médecin. Cette information est fournie à titre éducatif uniquement.",Vision floue,symptome,Aigu,traitement,True
Qu'est-ce que Acouphène ?,Acouphène est un symptôme en Chronique. Expérience rapportée par le patient nécessitant une évaluation médicale.,Acouphène,symptome,Chronique,definition,False
J'aimerais savoir ce qu'est Acouphène,Acouphène est un symptôme en Chronique. Expérience rapportée par le patient nécessitant une évaluation médicale.,Acouphène,symptome,Chronique,definition,False
"En médecine, qu'est-ce que Acouphène ?",Acouphène est un symptôme en Chronique. Expérience rapportée par le patient nécessitant une évaluation médicale.,Acouphène,symptome,Chronique,definition,False
Prise en charge de Acouphène ?,"Le traitement de Acouphène doit être personnalisé selon chaque patient. Votre médecin déterminera la meilleure approche thérapeutique adaptée à votre situation.

⚠️ Important : Ne modifiez jamais votre traitement sans l'avis de votre médecin. Cette information est fournie à titre éducatif uniquement.",Acouphène,symptome,Chronique,traitement,True
Pourrais-tu expliquer Insomnie ?,Insomnie est un symptôme en Chronique. Symptôme pouvant indiquer des conditions médicales sous-jacentes.,Insomnie,symptome,Chronique,definition,False
"Dans le contexte médical, que signifie Insomnie ?",Insomnie est un symptôme en Chronique. Symptôme pouvant indiquer des conditions médicales sous-jacentes.,Insomnie,symptome,Chronique,definition,False
Qu'entend-on par Insomnie ?,Insomnie est un symptôme en Chronique. Symptôme pouvant indiquer des conditions médicales sous-jacentes.,Insomnie,symptome,Chronique,definition,False
Quel est le traitement pour Insomnie ?,"Le traitement de Insomnie doit être personnalisé selon chaque patient. Votre médecin déterminera la meilleure approche thérapeutique adaptée à votre situation.

⚠️ Important : Ne modifiez jamais votre traitement sans l'avis de votre médecin. Cette information est fournie à titre éducatif uniquement.",Insomnie,symptome,Chronique,traitement,True
Définis Perte de poids,Perte de poids est un symptôme en Systémique. Signe clinique qui guide les investigations diagnostiques.,Perte de poids,symptome,Systémique,definition,False
Que signifie Perte de poids ?,Perte de poids est un symptôme en Systémique. Signe clinique qui guide les investigations diagnostiques.,Perte de poids,symptome,Systémique,definition,False
Peux-tu m'expliquer ce qu'est Perte de poids ?,Perte de poids est un symptôme en Systémique. Signe clinique qui guide les investigations diagnostiques.,Perte de poids,symptome,Systémique,definition,False
Prise en charge de Perte de poids ?,"Le traitement de Perte de poids doit être personnalisé selon chaque patient. Votre médecin déterminera la meilleure approche thérapeutique adaptée à votre situation.

⚠️ Important : Ne modifiez jamais votre traitement sans l'avis de votre médecin. Cette information est fournie à titre éducatif uniquement.",Perte de poids,symptome,Systémique,traitement,True
